"SNP","CHR","BP","ALLELE1","ALLELE0","A1FREQ","INFO","BETA","SE","P_BOLT_LMM","F_stat"
"rs613872",18,53210302,"G","T",0.173649,1,-0.00802551,0.00106818,5.1e-14,56.4490186182944
"rs13291079",9,96360650,"T","C",0.575442,0.994219,0.00532016,0.000821094,6.2e-11,41.982048880359
"rs2069117",5,152244551,"A","C",0.367543,0.997761,-0.00514329,0.000839471,7.5e-10,37.53795670681
"rs10456089",6,11959836,"G","A",0.920584,0.916093,0.00928707,0.00155871,3e-09,35.4998726154111
"rs773020",9,77768122,"G","A",0.100092,1,-0.00786771,0.00134797,4.8e-09,34.067183808558
"rs62085660",17,66097739,"C","G",0.257434,0.997006,0.00541715,0.000925711,5.8e-09,34.2445034957035
"rs74338595",2,212749786,"T","C",0.710086,0.994504,0.00521947,0.000891741,5.9e-09,34.2590520412115
"rs171697",5,103956516,"C","G",0.671505,0.996601,-0.00498472,0.000860089,7.6e-09,33.5888202213946
"rs7770860",6,131186393,"T","C",0.626749,0.996323,-0.00474231,0.000836771,1.2e-08,32.1193419534551
"rs6430286",2,148834364,"G","A",0.576202,0.995595,0.00465531,0.000821168,1.6e-08,32.1390605857955
"rs4465966",3,82009703,"A","G",0.429238,0.995864,0.00463532,0.000817752,1.7e-08,32.1304059211523
"rs1022688",20,47648856,"G","A",0.669768,0.995878,-0.00477422,0.000861406,2.8e-08,30.7177265980336
"rs2149351",9,120501644,"T","G",0.24396,0.992568,0.00519348,0.000944222,4.4e-08,30.2530173741384
