Municipality,Occupation,Municipality_code,Municipality_name,Year,Nurse_man_years
3907 Sandefjord,Nurses,K-3907,Sandefjord,2015,
3907 Sandefjord,Nursing professionals,K-3907,Sandefjord,2015,
1505 Kristiansund,Nurses,K-1505,Kristiansund,2015,109.0
1505 Kristiansund,Nursing professionals,K-1505,Kristiansund,2015,21.0
1506 Molde,Nurses,K-1506,Molde,2015,
1506 Molde,Nursing professionals,K-1506,Molde,2015,
1508 Ålesund,Nurses,K-1508,Ålesund,2015,
1508 Ålesund,Nursing professionals,K-1508,Ålesund,2015,
1511 Vanylven,Nurses,K-1511,Vanylven,2015,16.0
1511 Vanylven,Nursing professionals,K-1511,Vanylven,2015,1.0
1514 Sande,Nurses,K-1514,Sande,2015,17.0
1514 Sande,Nursing professionals,K-1514,Sande,2015,10.0
1515 Herøy (Møre og Romsdal),Nurses,K-1515,Herøy (Møre og Romsdal),2015,39.0
1515 Herøy (Møre og Romsdal),Nursing professionals,K-1515,Herøy (Møre og Romsdal),2015,1.0
1516 Ulstein,Nurses,K-1516,Ulstein,2015,29.0
1516 Ulstein,Nursing professionals,K-1516,Ulstein,2015,6.0
1517 Hareid,Nurses,K-1517,Hareid,2015,24.0
1517 Hareid,Nursing professionals,K-1517,Hareid,2015,1.0
1520 Ørsta,Nurses,K-1520,Ørsta,2015,55.0
1520 Ørsta,Nursing professionals,K-1520,Ørsta,2015,3.0
1525 Stranda,Nurses,K-1525,Stranda,2015,26.0
1525 Stranda,Nursing professionals,K-1525,Stranda,2015,
1528 Sykkylven,Nurses,K-1528,Sykkylven,2015,41.0
1528 Sykkylven,Nursing professionals,K-1528,Sykkylven,2015,13.0
1531 Sula,Nurses,K-1531,Sula,2015,45.0
1531 Sula,Nursing professionals,K-1531,Sula,2015,4.0
1532 Giske,Nurses,K-1532,Giske,2015,44.0
1532 Giske,Nursing professionals,K-1532,Giske,2015,4.0
1535 Vestnes,Nurses,K-1535,Vestnes,2015,42.0
1535 Vestnes,Nursing professionals,K-1535,Vestnes,2015,7.0
1539 Rauma,Nurses,K-1539,Rauma,2015,43.0
1539 Rauma,Nursing professionals,K-1539,Rauma,2015,8.0
1547 Aukra,Nurses,K-1547,Aukra,2015,16.0
1547 Aukra,Nursing professionals,K-1547,Aukra,2015,6.0
1557 Gjemnes,Nurses,K-1557,Gjemnes,2015,18.0
1557 Gjemnes,Nursing professionals,K-1557,Gjemnes,2015,1.0
1560 Tingvoll,Nurses,K-1560,Tingvoll,2015,9.0
1560 Tingvoll,Nursing professionals,K-1560,Tingvoll,2015,4.0
1563 Sunndal,Nurses,K-1563,Sunndal,2015,54.0
1563 Sunndal,Nursing professionals,K-1563,Sunndal,2015,7.0
1566 Surnadal,Nurses,K-1566,Surnadal,2015,38.0
1566 Surnadal,Nursing professionals,K-1566,Surnadal,2015,10.0
1573 Smøla,Nurses,K-1573,Smøla,2015,7.0
1573 Smøla,Nursing professionals,K-1573,Smøla,2015,4.0
1576 Aure,Nurses,K-1576,Aure,2015,21.0
1576 Aure,Nursing professionals,K-1576,Aure,2015,2.0
1578 Fjord,Nurses,K-1578,Fjord,2015,
1578 Fjord,Nursing professionals,K-1578,Fjord,2015,
1579 Hustadvika,Nurses,K-1579,Hustadvika,2015,
1579 Hustadvika,Nursing professionals,K-1579,Hustadvika,2015,
1580 Haram,Nurses,K-1580,Haram,2015,
1580 Haram,Nursing professionals,K-1580,Haram,2015,
5001 Trondheim - Tråante,Nurses,K-5001,Trondheim - Tråante,2015,
5001 Trondheim - Tråante,Nursing professionals,K-5001,Trondheim - Tråante,2015,
5006 Steinkjer - Stïentje,Nurses,K-5006,Steinkjer - Stïentje,2015,
5006 Steinkjer - Stïentje,Nursing professionals,K-5006,Steinkjer - Stïentje,2015,
5007 Namsos - Nåavmesjenjaelmie,Nurses,K-5007,Namsos - Nåavmesjenjaelmie,2015,
5007 Namsos - Nåavmesjenjaelmie,Nursing professionals,K-5007,Namsos - Nåavmesjenjaelmie,2015,
5014 Frøya,Nurses,K-5014,Frøya,2015,
5014 Frøya,Nursing professionals,K-5014,Frøya,2015,
5020 Osen,Nurses,K-5020,Osen,2015,
5020 Osen,Nursing professionals,K-5020,Osen,2015,
5021 Oppdal,Nurses,K-5021,Oppdal,2015,
5021 Oppdal,Nursing professionals,K-5021,Oppdal,2015,
5022 Rennebu,Nurses,K-5022,Rennebu,2015,
5022 Rennebu,Nursing professionals,K-5022,Rennebu,2015,
5025 Røros - Rosse,Nurses,K-5025,Røros - Rosse,2015,
5025 Røros - Rosse,Nursing professionals,K-5025,Røros - Rosse,2015,
5026 Holtålen,Nurses,K-5026,Holtålen,2015,
5026 Holtålen,Nursing professionals,K-5026,Holtålen,2015,
5027 Midtre Gauldal,Nurses,K-5027,Midtre Gauldal,2015,
5027 Midtre Gauldal,Nursing professionals,K-5027,Midtre Gauldal,2015,
5028 Melhus,Nurses,K-5028,Melhus,2015,
5028 Melhus,Nursing professionals,K-5028,Melhus,2015,
5029 Skaun,Nurses,K-5029,Skaun,2015,
5029 Skaun,Nursing professionals,K-5029,Skaun,2015,
5031 Malvik,Nurses,K-5031,Malvik,2015,
5031 Malvik,Nursing professionals,K-5031,Malvik,2015,
5032 Selbu,Nurses,K-5032,Selbu,2015,
5032 Selbu,Nursing professionals,K-5032,Selbu,2015,
5033 Tydal,Nurses,K-5033,Tydal,2015,
5033 Tydal,Nursing professionals,K-5033,Tydal,2015,
5034 Meråker,Nurses,K-5034,Meråker,2015,
5034 Meråker,Nursing professionals,K-5034,Meråker,2015,
5035 Stjørdal,Nurses,K-5035,Stjørdal,2015,
5035 Stjørdal,Nursing professionals,K-5035,Stjørdal,2015,
5036 Frosta,Nurses,K-5036,Frosta,2015,
5036 Frosta,Nursing professionals,K-5036,Frosta,2015,
5037 Levanger,Nurses,K-5037,Levanger,2015,
5037 Levanger,Nursing professionals,K-5037,Levanger,2015,
5038 Verdal,Nurses,K-5038,Verdal,2015,
5038 Verdal,Nursing professionals,K-5038,Verdal,2015,
5041 Snåase - Snåsa,Nurses,K-5041,Snåase - Snåsa,2015,
5041 Snåase - Snåsa,Nursing professionals,K-5041,Snåase - Snåsa,2015,
5042 Lierne,Nurses,K-5042,Lierne,2015,
5042 Lierne,Nursing professionals,K-5042,Lierne,2015,
5043 Raarvihke - Røyrvik,Nurses,K-5043,Raarvihke - Røyrvik,2015,
5043 Raarvihke - Røyrvik,Nursing professionals,K-5043,Raarvihke - Røyrvik,2015,
5044 Namsskogan,Nurses,K-5044,Namsskogan,2015,
5044 Namsskogan,Nursing professionals,K-5044,Namsskogan,2015,
5045 Grong,Nurses,K-5045,Grong,2015,
5045 Grong,Nursing professionals,K-5045,Grong,2015,
5046 Høylandet,Nurses,K-5046,Høylandet,2015,
5046 Høylandet,Nursing professionals,K-5046,Høylandet,2015,
5047 Overhalla,Nurses,K-5047,Overhalla,2015,
5047 Overhalla,Nursing professionals,K-5047,Overhalla,2015,
5049 Flatanger,Nurses,K-5049,Flatanger,2015,
5049 Flatanger,Nursing professionals,K-5049,Flatanger,2015,
5052 Leka,Nurses,K-5052,Leka,2015,
5052 Leka,Nursing professionals,K-5052,Leka,2015,
5054 Indre Fosen,Nurses,K-5054,Indre Fosen,2015,
5054 Indre Fosen,Nursing professionals,K-5054,Indre Fosen,2015,
5055 Heim,Nurses,K-5055,Heim,2015,
5055 Heim,Nursing professionals,K-5055,Heim,2015,
5057 Ørland,Nurses,K-5057,Ørland,2015,
5057 Ørland,Nursing professionals,K-5057,Ørland,2015,
5058 Åfjord,Nurses,K-5058,Åfjord,2015,
5058 Åfjord,Nursing professionals,K-5058,Åfjord,2015,
5061 Rindal,Nurses,K-5061,Rindal,2015,
5061 Rindal,Nursing professionals,K-5061,Rindal,2015,
1818 Herøy (Nordland),Nurses,K-1818,Herøy (Nordland),2015,8.0
1818 Herøy (Nordland),Nursing professionals,K-1818,Herøy (Nordland),2015,
3907 Sandefjord,Nurses,K-3907,Sandefjord,2016,
3907 Sandefjord,Nursing professionals,K-3907,Sandefjord,2016,
1505 Kristiansund,Nurses,K-1505,Kristiansund,2016,104.0
1505 Kristiansund,Nursing professionals,K-1505,Kristiansund,2016,22.0
1506 Molde,Nurses,K-1506,Molde,2016,
1506 Molde,Nursing professionals,K-1506,Molde,2016,
1508 Ålesund,Nurses,K-1508,Ålesund,2016,
1508 Ålesund,Nursing professionals,K-1508,Ålesund,2016,
1511 Vanylven,Nurses,K-1511,Vanylven,2016,15.0
1511 Vanylven,Nursing professionals,K-1511,Vanylven,2016,1.0
1514 Sande,Nurses,K-1514,Sande,2016,17.0
1514 Sande,Nursing professionals,K-1514,Sande,2016,9.0
1515 Herøy (Møre og Romsdal),Nurses,K-1515,Herøy (Møre og Romsdal),2016,37.0
1515 Herøy (Møre og Romsdal),Nursing professionals,K-1515,Herøy (Møre og Romsdal),2016,1.0
1516 Ulstein,Nurses,K-1516,Ulstein,2016,27.0
1516 Ulstein,Nursing professionals,K-1516,Ulstein,2016,6.0
1517 Hareid,Nurses,K-1517,Hareid,2016,26.0
1517 Hareid,Nursing professionals,K-1517,Hareid,2016,2.0
1520 Ørsta,Nurses,K-1520,Ørsta,2016,64.0
1520 Ørsta,Nursing professionals,K-1520,Ørsta,2016,2.0
1525 Stranda,Nurses,K-1525,Stranda,2016,27.0
1525 Stranda,Nursing professionals,K-1525,Stranda,2016,1.0
1528 Sykkylven,Nurses,K-1528,Sykkylven,2016,41.0
1528 Sykkylven,Nursing professionals,K-1528,Sykkylven,2016,11.0
1531 Sula,Nurses,K-1531,Sula,2016,48.0
1531 Sula,Nursing professionals,K-1531,Sula,2016,5.0
1532 Giske,Nurses,K-1532,Giske,2016,40.0
1532 Giske,Nursing professionals,K-1532,Giske,2016,5.0
1535 Vestnes,Nurses,K-1535,Vestnes,2016,40.0
1535 Vestnes,Nursing professionals,K-1535,Vestnes,2016,8.0
1539 Rauma,Nurses,K-1539,Rauma,2016,46.0
1539 Rauma,Nursing professionals,K-1539,Rauma,2016,8.0
1547 Aukra,Nurses,K-1547,Aukra,2016,17.0
1547 Aukra,Nursing professionals,K-1547,Aukra,2016,6.0
1557 Gjemnes,Nurses,K-1557,Gjemnes,2016,19.0
1557 Gjemnes,Nursing professionals,K-1557,Gjemnes,2016,2.0
1560 Tingvoll,Nurses,K-1560,Tingvoll,2016,10.0
1560 Tingvoll,Nursing professionals,K-1560,Tingvoll,2016,5.0
1563 Sunndal,Nurses,K-1563,Sunndal,2016,57.0
1563 Sunndal,Nursing professionals,K-1563,Sunndal,2016,8.0
1566 Surnadal,Nurses,K-1566,Surnadal,2016,36.0
1566 Surnadal,Nursing professionals,K-1566,Surnadal,2016,10.0
1573 Smøla,Nurses,K-1573,Smøla,2016,11.0
1573 Smøla,Nursing professionals,K-1573,Smøla,2016,3.0
1576 Aure,Nurses,K-1576,Aure,2016,26.0
1576 Aure,Nursing professionals,K-1576,Aure,2016,3.0
1578 Fjord,Nurses,K-1578,Fjord,2016,
1578 Fjord,Nursing professionals,K-1578,Fjord,2016,
1579 Hustadvika,Nurses,K-1579,Hustadvika,2016,
1579 Hustadvika,Nursing professionals,K-1579,Hustadvika,2016,
1580 Haram,Nurses,K-1580,Haram,2016,
1580 Haram,Nursing professionals,K-1580,Haram,2016,
5001 Trondheim - Tråante,Nurses,K-5001,Trondheim - Tråante,2016,
5001 Trondheim - Tråante,Nursing professionals,K-5001,Trondheim - Tråante,2016,
5006 Steinkjer - Stïentje,Nurses,K-5006,Steinkjer - Stïentje,2016,
5006 Steinkjer - Stïentje,Nursing professionals,K-5006,Steinkjer - Stïentje,2016,
5007 Namsos - Nåavmesjenjaelmie,Nurses,K-5007,Namsos - Nåavmesjenjaelmie,2016,
5007 Namsos - Nåavmesjenjaelmie,Nursing professionals,K-5007,Namsos - Nåavmesjenjaelmie,2016,
5014 Frøya,Nurses,K-5014,Frøya,2016,
5014 Frøya,Nursing professionals,K-5014,Frøya,2016,
5020 Osen,Nurses,K-5020,Osen,2016,
5020 Osen,Nursing professionals,K-5020,Osen,2016,
5021 Oppdal,Nurses,K-5021,Oppdal,2016,
5021 Oppdal,Nursing professionals,K-5021,Oppdal,2016,
5022 Rennebu,Nurses,K-5022,Rennebu,2016,
5022 Rennebu,Nursing professionals,K-5022,Rennebu,2016,
5025 Røros - Rosse,Nurses,K-5025,Røros - Rosse,2016,
5025 Røros - Rosse,Nursing professionals,K-5025,Røros - Rosse,2016,
5026 Holtålen,Nurses,K-5026,Holtålen,2016,
5026 Holtålen,Nursing professionals,K-5026,Holtålen,2016,
5027 Midtre Gauldal,Nurses,K-5027,Midtre Gauldal,2016,
5027 Midtre Gauldal,Nursing professionals,K-5027,Midtre Gauldal,2016,
5028 Melhus,Nurses,K-5028,Melhus,2016,
5028 Melhus,Nursing professionals,K-5028,Melhus,2016,
5029 Skaun,Nurses,K-5029,Skaun,2016,
5029 Skaun,Nursing professionals,K-5029,Skaun,2016,
5031 Malvik,Nurses,K-5031,Malvik,2016,
5031 Malvik,Nursing professionals,K-5031,Malvik,2016,
5032 Selbu,Nurses,K-5032,Selbu,2016,
5032 Selbu,Nursing professionals,K-5032,Selbu,2016,
5033 Tydal,Nurses,K-5033,Tydal,2016,
5033 Tydal,Nursing professionals,K-5033,Tydal,2016,
5034 Meråker,Nurses,K-5034,Meråker,2016,
5034 Meråker,Nursing professionals,K-5034,Meråker,2016,
5035 Stjørdal,Nurses,K-5035,Stjørdal,2016,
5035 Stjørdal,Nursing professionals,K-5035,Stjørdal,2016,
5036 Frosta,Nurses,K-5036,Frosta,2016,
5036 Frosta,Nursing professionals,K-5036,Frosta,2016,
5037 Levanger,Nurses,K-5037,Levanger,2016,
5037 Levanger,Nursing professionals,K-5037,Levanger,2016,
5038 Verdal,Nurses,K-5038,Verdal,2016,
5038 Verdal,Nursing professionals,K-5038,Verdal,2016,
5041 Snåase - Snåsa,Nurses,K-5041,Snåase - Snåsa,2016,
5041 Snåase - Snåsa,Nursing professionals,K-5041,Snåase - Snåsa,2016,
5042 Lierne,Nurses,K-5042,Lierne,2016,
5042 Lierne,Nursing professionals,K-5042,Lierne,2016,
5043 Raarvihke - Røyrvik,Nurses,K-5043,Raarvihke - Røyrvik,2016,
5043 Raarvihke - Røyrvik,Nursing professionals,K-5043,Raarvihke - Røyrvik,2016,
5044 Namsskogan,Nurses,K-5044,Namsskogan,2016,
5044 Namsskogan,Nursing professionals,K-5044,Namsskogan,2016,
5045 Grong,Nurses,K-5045,Grong,2016,
5045 Grong,Nursing professionals,K-5045,Grong,2016,
5046 Høylandet,Nurses,K-5046,Høylandet,2016,
5046 Høylandet,Nursing professionals,K-5046,Høylandet,2016,
5047 Overhalla,Nurses,K-5047,Overhalla,2016,
5047 Overhalla,Nursing professionals,K-5047,Overhalla,2016,
5049 Flatanger,Nurses,K-5049,Flatanger,2016,
5049 Flatanger,Nursing professionals,K-5049,Flatanger,2016,
5052 Leka,Nurses,K-5052,Leka,2016,
5052 Leka,Nursing professionals,K-5052,Leka,2016,
5054 Indre Fosen,Nurses,K-5054,Indre Fosen,2016,
5054 Indre Fosen,Nursing professionals,K-5054,Indre Fosen,2016,
5055 Heim,Nurses,K-5055,Heim,2016,
5055 Heim,Nursing professionals,K-5055,Heim,2016,
5057 Ørland,Nurses,K-5057,Ørland,2016,
5057 Ørland,Nursing professionals,K-5057,Ørland,2016,
5058 Åfjord,Nurses,K-5058,Åfjord,2016,
5058 Åfjord,Nursing professionals,K-5058,Åfjord,2016,
5061 Rindal,Nurses,K-5061,Rindal,2016,
5061 Rindal,Nursing professionals,K-5061,Rindal,2016,
1818 Herøy (Nordland),Nurses,K-1818,Herøy (Nordland),2016,11.0
1818 Herøy (Nordland),Nursing professionals,K-1818,Herøy (Nordland),2016,
3907 Sandefjord,Nurses,K-3907,Sandefjord,2017,
3907 Sandefjord,Nursing professionals,K-3907,Sandefjord,2017,
1505 Kristiansund,Nurses,K-1505,Kristiansund,2017,112.0
1505 Kristiansund,Nursing professionals,K-1505,Kristiansund,2017,21.0
1506 Molde,Nurses,K-1506,Molde,2017,
1506 Molde,Nursing professionals,K-1506,Molde,2017,
1508 Ålesund,Nurses,K-1508,Ålesund,2017,
1508 Ålesund,Nursing professionals,K-1508,Ålesund,2017,
1511 Vanylven,Nurses,K-1511,Vanylven,2017,18.0
1511 Vanylven,Nursing professionals,K-1511,Vanylven,2017,2.0
1514 Sande,Nurses,K-1514,Sande,2017,20.0
1514 Sande,Nursing professionals,K-1514,Sande,2017,7.0
1515 Herøy (Møre og Romsdal),Nurses,K-1515,Herøy (Møre og Romsdal),2017,39.0
1515 Herøy (Møre og Romsdal),Nursing professionals,K-1515,Herøy (Møre og Romsdal),2017,1.0
1516 Ulstein,Nurses,K-1516,Ulstein,2017,33.0
1516 Ulstein,Nursing professionals,K-1516,Ulstein,2017,5.0
1517 Hareid,Nurses,K-1517,Hareid,2017,29.0
1517 Hareid,Nursing professionals,K-1517,Hareid,2017,1.0
1520 Ørsta,Nurses,K-1520,Ørsta,2017,67.0
1520 Ørsta,Nursing professionals,K-1520,Ørsta,2017,5.0
1525 Stranda,Nurses,K-1525,Stranda,2017,29.0
1525 Stranda,Nursing professionals,K-1525,Stranda,2017,1.0
1528 Sykkylven,Nurses,K-1528,Sykkylven,2017,46.0
1528 Sykkylven,Nursing professionals,K-1528,Sykkylven,2017,12.0
1531 Sula,Nurses,K-1531,Sula,2017,48.0
1531 Sula,Nursing professionals,K-1531,Sula,2017,5.0
1532 Giske,Nurses,K-1532,Giske,2017,43.0
1532 Giske,Nursing professionals,K-1532,Giske,2017,6.0
1535 Vestnes,Nurses,K-1535,Vestnes,2017,46.0
1535 Vestnes,Nursing professionals,K-1535,Vestnes,2017,6.0
1539 Rauma,Nurses,K-1539,Rauma,2017,47.0
1539 Rauma,Nursing professionals,K-1539,Rauma,2017,7.0
1547 Aukra,Nurses,K-1547,Aukra,2017,19.0
1547 Aukra,Nursing professionals,K-1547,Aukra,2017,6.0
1557 Gjemnes,Nurses,K-1557,Gjemnes,2017,18.0
1557 Gjemnes,Nursing professionals,K-1557,Gjemnes,2017,2.0
1560 Tingvoll,Nurses,K-1560,Tingvoll,2017,10.0
1560 Tingvoll,Nursing professionals,K-1560,Tingvoll,2017,4.0
1563 Sunndal,Nurses,K-1563,Sunndal,2017,56.0
1563 Sunndal,Nursing professionals,K-1563,Sunndal,2017,10.0
1566 Surnadal,Nurses,K-1566,Surnadal,2017,35.0
1566 Surnadal,Nursing professionals,K-1566,Surnadal,2017,11.0
1573 Smøla,Nurses,K-1573,Smøla,2017,13.0
1573 Smøla,Nursing professionals,K-1573,Smøla,2017,2.0
1576 Aure,Nurses,K-1576,Aure,2017,23.0
1576 Aure,Nursing professionals,K-1576,Aure,2017,3.0
1578 Fjord,Nurses,K-1578,Fjord,2017,
1578 Fjord,Nursing professionals,K-1578,Fjord,2017,
1579 Hustadvika,Nurses,K-1579,Hustadvika,2017,
1579 Hustadvika,Nursing professionals,K-1579,Hustadvika,2017,
1580 Haram,Nurses,K-1580,Haram,2017,
1580 Haram,Nursing professionals,K-1580,Haram,2017,
5001 Trondheim - Tråante,Nurses,K-5001,Trondheim - Tråante,2017,
5001 Trondheim - Tråante,Nursing professionals,K-5001,Trondheim - Tråante,2017,
5006 Steinkjer - Stïentje,Nurses,K-5006,Steinkjer - Stïentje,2017,
5006 Steinkjer - Stïentje,Nursing professionals,K-5006,Steinkjer - Stïentje,2017,
5007 Namsos - Nåavmesjenjaelmie,Nurses,K-5007,Namsos - Nåavmesjenjaelmie,2017,
5007 Namsos - Nåavmesjenjaelmie,Nursing professionals,K-5007,Namsos - Nåavmesjenjaelmie,2017,
5014 Frøya,Nurses,K-5014,Frøya,2017,
5014 Frøya,Nursing professionals,K-5014,Frøya,2017,
5020 Osen,Nurses,K-5020,Osen,2017,
5020 Osen,Nursing professionals,K-5020,Osen,2017,
5021 Oppdal,Nurses,K-5021,Oppdal,2017,
5021 Oppdal,Nursing professionals,K-5021,Oppdal,2017,
5022 Rennebu,Nurses,K-5022,Rennebu,2017,
5022 Rennebu,Nursing professionals,K-5022,Rennebu,2017,
5025 Røros - Rosse,Nurses,K-5025,Røros - Rosse,2017,
5025 Røros - Rosse,Nursing professionals,K-5025,Røros - Rosse,2017,
5026 Holtålen,Nurses,K-5026,Holtålen,2017,
5026 Holtålen,Nursing professionals,K-5026,Holtålen,2017,
5027 Midtre Gauldal,Nurses,K-5027,Midtre Gauldal,2017,
5027 Midtre Gauldal,Nursing professionals,K-5027,Midtre Gauldal,2017,
5028 Melhus,Nurses,K-5028,Melhus,2017,
5028 Melhus,Nursing professionals,K-5028,Melhus,2017,
5029 Skaun,Nurses,K-5029,Skaun,2017,
5029 Skaun,Nursing professionals,K-5029,Skaun,2017,
5031 Malvik,Nurses,K-5031,Malvik,2017,
5031 Malvik,Nursing professionals,K-5031,Malvik,2017,
5032 Selbu,Nurses,K-5032,Selbu,2017,
5032 Selbu,Nursing professionals,K-5032,Selbu,2017,
5033 Tydal,Nurses,K-5033,Tydal,2017,
5033 Tydal,Nursing professionals,K-5033,Tydal,2017,
5034 Meråker,Nurses,K-5034,Meråker,2017,
5034 Meråker,Nursing professionals,K-5034,Meråker,2017,
5035 Stjørdal,Nurses,K-5035,Stjørdal,2017,
5035 Stjørdal,Nursing professionals,K-5035,Stjørdal,2017,
5036 Frosta,Nurses,K-5036,Frosta,2017,
5036 Frosta,Nursing professionals,K-5036,Frosta,2017,
5037 Levanger,Nurses,K-5037,Levanger,2017,
5037 Levanger,Nursing professionals,K-5037,Levanger,2017,
5038 Verdal,Nurses,K-5038,Verdal,2017,
5038 Verdal,Nursing professionals,K-5038,Verdal,2017,
5041 Snåase - Snåsa,Nurses,K-5041,Snåase - Snåsa,2017,
5041 Snåase - Snåsa,Nursing professionals,K-5041,Snåase - Snåsa,2017,
5042 Lierne,Nurses,K-5042,Lierne,2017,
5042 Lierne,Nursing professionals,K-5042,Lierne,2017,
5043 Raarvihke - Røyrvik,Nurses,K-5043,Raarvihke - Røyrvik,2017,
5043 Raarvihke - Røyrvik,Nursing professionals,K-5043,Raarvihke - Røyrvik,2017,
5044 Namsskogan,Nurses,K-5044,Namsskogan,2017,
5044 Namsskogan,Nursing professionals,K-5044,Namsskogan,2017,
5045 Grong,Nurses,K-5045,Grong,2017,
5045 Grong,Nursing professionals,K-5045,Grong,2017,
5046 Høylandet,Nurses,K-5046,Høylandet,2017,
5046 Høylandet,Nursing professionals,K-5046,Høylandet,2017,
5047 Overhalla,Nurses,K-5047,Overhalla,2017,
5047 Overhalla,Nursing professionals,K-5047,Overhalla,2017,
5049 Flatanger,Nurses,K-5049,Flatanger,2017,
5049 Flatanger,Nursing professionals,K-5049,Flatanger,2017,
5052 Leka,Nurses,K-5052,Leka,2017,
5052 Leka,Nursing professionals,K-5052,Leka,2017,
5054 Indre Fosen,Nurses,K-5054,Indre Fosen,2017,
5054 Indre Fosen,Nursing professionals,K-5054,Indre Fosen,2017,
5055 Heim,Nurses,K-5055,Heim,2017,
5055 Heim,Nursing professionals,K-5055,Heim,2017,
5057 Ørland,Nurses,K-5057,Ørland,2017,
5057 Ørland,Nursing professionals,K-5057,Ørland,2017,
5058 Åfjord,Nurses,K-5058,Åfjord,2017,
5058 Åfjord,Nursing professionals,K-5058,Åfjord,2017,
5061 Rindal,Nurses,K-5061,Rindal,2017,
5061 Rindal,Nursing professionals,K-5061,Rindal,2017,
1818 Herøy (Nordland),Nurses,K-1818,Herøy (Nordland),2017,12.0
1818 Herøy (Nordland),Nursing professionals,K-1818,Herøy (Nordland),2017,0.0
3907 Sandefjord,Nurses,K-3907,Sandefjord,2018,
3907 Sandefjord,Nursing professionals,K-3907,Sandefjord,2018,
1505 Kristiansund,Nurses,K-1505,Kristiansund,2018,118.0
1505 Kristiansund,Nursing professionals,K-1505,Kristiansund,2018,21.0
1506 Molde,Nurses,K-1506,Molde,2018,
1506 Molde,Nursing professionals,K-1506,Molde,2018,
1508 Ålesund,Nurses,K-1508,Ålesund,2018,
1508 Ålesund,Nursing professionals,K-1508,Ålesund,2018,
1511 Vanylven,Nurses,K-1511,Vanylven,2018,16.0
1511 Vanylven,Nursing professionals,K-1511,Vanylven,2018,2.0
1514 Sande,Nurses,K-1514,Sande,2018,18.0
1514 Sande,Nursing professionals,K-1514,Sande,2018,6.0
1515 Herøy (Møre og Romsdal),Nurses,K-1515,Herøy (Møre og Romsdal),2018,41.0
1515 Herøy (Møre og Romsdal),Nursing professionals,K-1515,Herøy (Møre og Romsdal),2018,
1516 Ulstein,Nurses,K-1516,Ulstein,2018,33.0
1516 Ulstein,Nursing professionals,K-1516,Ulstein,2018,5.0
1517 Hareid,Nurses,K-1517,Hareid,2018,30.0
1517 Hareid,Nursing professionals,K-1517,Hareid,2018,1.0
1520 Ørsta,Nurses,K-1520,Ørsta,2018,68.0
1520 Ørsta,Nursing professionals,K-1520,Ørsta,2018,5.0
1525 Stranda,Nurses,K-1525,Stranda,2018,27.0
1525 Stranda,Nursing professionals,K-1525,Stranda,2018,1.0
1528 Sykkylven,Nurses,K-1528,Sykkylven,2018,48.0
1528 Sykkylven,Nursing professionals,K-1528,Sykkylven,2018,11.0
1531 Sula,Nurses,K-1531,Sula,2018,54.0
1531 Sula,Nursing professionals,K-1531,Sula,2018,8.0
1532 Giske,Nurses,K-1532,Giske,2018,38.0
1532 Giske,Nursing professionals,K-1532,Giske,2018,8.0
1535 Vestnes,Nurses,K-1535,Vestnes,2018,38.0
1535 Vestnes,Nursing professionals,K-1535,Vestnes,2018,7.0
1539 Rauma,Nurses,K-1539,Rauma,2018,50.0
1539 Rauma,Nursing professionals,K-1539,Rauma,2018,9.0
1547 Aukra,Nurses,K-1547,Aukra,2018,22.0
1547 Aukra,Nursing professionals,K-1547,Aukra,2018,7.0
1557 Gjemnes,Nurses,K-1557,Gjemnes,2018,17.0
1557 Gjemnes,Nursing professionals,K-1557,Gjemnes,2018,4.0
1560 Tingvoll,Nurses,K-1560,Tingvoll,2018,12.0
1560 Tingvoll,Nursing professionals,K-1560,Tingvoll,2018,5.0
1563 Sunndal,Nurses,K-1563,Sunndal,2018,57.0
1563 Sunndal,Nursing professionals,K-1563,Sunndal,2018,12.0
1566 Surnadal,Nurses,K-1566,Surnadal,2018,33.0
1566 Surnadal,Nursing professionals,K-1566,Surnadal,2018,9.0
1573 Smøla,Nurses,K-1573,Smøla,2018,15.0
1573 Smøla,Nursing professionals,K-1573,Smøla,2018,2.0
1576 Aure,Nurses,K-1576,Aure,2018,25.0
1576 Aure,Nursing professionals,K-1576,Aure,2018,4.0
1578 Fjord,Nurses,K-1578,Fjord,2018,
1578 Fjord,Nursing professionals,K-1578,Fjord,2018,
1579 Hustadvika,Nurses,K-1579,Hustadvika,2018,
1579 Hustadvika,Nursing professionals,K-1579,Hustadvika,2018,
1580 Haram,Nurses,K-1580,Haram,2018,
1580 Haram,Nursing professionals,K-1580,Haram,2018,
5001 Trondheim - Tråante,Nurses,K-5001,Trondheim - Tråante,2018,681.0
5001 Trondheim - Tråante,Nursing professionals,K-5001,Trondheim - Tråante,2018,31.0
5006 Steinkjer - Stïentje,Nurses,K-5006,Steinkjer - Stïentje,2018,
5006 Steinkjer - Stïentje,Nursing professionals,K-5006,Steinkjer - Stïentje,2018,
5007 Namsos - Nåavmesjenjaelmie,Nurses,K-5007,Namsos - Nåavmesjenjaelmie,2018,
5007 Namsos - Nåavmesjenjaelmie,Nursing professionals,K-5007,Namsos - Nåavmesjenjaelmie,2018,
5014 Frøya,Nurses,K-5014,Frøya,2018,14.0
5014 Frøya,Nursing professionals,K-5014,Frøya,2018,5.0
5020 Osen,Nurses,K-5020,Osen,2018,7.0
5020 Osen,Nursing professionals,K-5020,Osen,2018,1.0
5021 Oppdal,Nurses,K-5021,Oppdal,2018,44.0
5021 Oppdal,Nursing professionals,K-5021,Oppdal,2018,5.0
5022 Rennebu,Nurses,K-5022,Rennebu,2018,12.0
5022 Rennebu,Nursing professionals,K-5022,Rennebu,2018,3.0
5025 Røros - Rosse,Nurses,K-5025,Røros - Rosse,2018,20.0
5025 Røros - Rosse,Nursing professionals,K-5025,Røros - Rosse,2018,7.0
5026 Holtålen,Nurses,K-5026,Holtålen,2018,15.0
5026 Holtålen,Nursing professionals,K-5026,Holtålen,2018,3.0
5027 Midtre Gauldal,Nurses,K-5027,Midtre Gauldal,2018,38.0
5027 Midtre Gauldal,Nursing professionals,K-5027,Midtre Gauldal,2018,5.0
5028 Melhus,Nurses,K-5028,Melhus,2018,57.0
5028 Melhus,Nursing professionals,K-5028,Melhus,2018,12.0
5029 Skaun,Nurses,K-5029,Skaun,2018,21.0
5029 Skaun,Nursing professionals,K-5029,Skaun,2018,7.0
5031 Malvik,Nurses,K-5031,Malvik,2018,48.0
5031 Malvik,Nursing professionals,K-5031,Malvik,2018,3.0
5032 Selbu,Nurses,K-5032,Selbu,2018,21.0
5032 Selbu,Nursing professionals,K-5032,Selbu,2018,5.0
5033 Tydal,Nurses,K-5033,Tydal,2018,5.0
5033 Tydal,Nursing professionals,K-5033,Tydal,2018,1.0
5034 Meråker,Nurses,K-5034,Meråker,2018,19.0
5034 Meråker,Nursing professionals,K-5034,Meråker,2018,2.0
5035 Stjørdal,Nurses,K-5035,Stjørdal,2018,98.0
5035 Stjørdal,Nursing professionals,K-5035,Stjørdal,2018,22.0
5036 Frosta,Nurses,K-5036,Frosta,2018,12.0
5036 Frosta,Nursing professionals,K-5036,Frosta,2018,6.0
5037 Levanger,Nurses,K-5037,Levanger,2018,114.0
5037 Levanger,Nursing professionals,K-5037,Levanger,2018,10.0
5038 Verdal,Nurses,K-5038,Verdal,2018,61.0
5038 Verdal,Nursing professionals,K-5038,Verdal,2018,24.0
5041 Snåase - Snåsa,Nurses,K-5041,Snåase - Snåsa,2018,10.0
5041 Snåase - Snåsa,Nursing professionals,K-5041,Snåase - Snåsa,2018,2.0
5042 Lierne,Nurses,K-5042,Lierne,2018,14.0
5042 Lierne,Nursing professionals,K-5042,Lierne,2018,2.0
5043 Raarvihke - Røyrvik,Nurses,K-5043,Raarvihke - Røyrvik,2018,4.0
5043 Raarvihke - Røyrvik,Nursing professionals,K-5043,Raarvihke - Røyrvik,2018,1.0
5044 Namsskogan,Nurses,K-5044,Namsskogan,2018,10.0
5044 Namsskogan,Nursing professionals,K-5044,Namsskogan,2018,0.0
5045 Grong,Nurses,K-5045,Grong,2018,26.0
5045 Grong,Nursing professionals,K-5045,Grong,2018,4.0
5046 Høylandet,Nurses,K-5046,Høylandet,2018,13.0
5046 Høylandet,Nursing professionals,K-5046,Høylandet,2018,4.0
5047 Overhalla,Nurses,K-5047,Overhalla,2018,26.0
5047 Overhalla,Nursing professionals,K-5047,Overhalla,2018,14.0
5049 Flatanger,Nurses,K-5049,Flatanger,2018,8.0
5049 Flatanger,Nursing professionals,K-5049,Flatanger,2018,3.0
5052 Leka,Nurses,K-5052,Leka,2018,6.0
5052 Leka,Nursing professionals,K-5052,Leka,2018,1.0
5054 Indre Fosen,Nurses,K-5054,Indre Fosen,2018,48.0
5054 Indre Fosen,Nursing professionals,K-5054,Indre Fosen,2018,5.0
5055 Heim,Nurses,K-5055,Heim,2018,
5055 Heim,Nursing professionals,K-5055,Heim,2018,
5057 Ørland,Nurses,K-5057,Ørland,2018,
5057 Ørland,Nursing professionals,K-5057,Ørland,2018,
5058 Åfjord,Nurses,K-5058,Åfjord,2018,
5058 Åfjord,Nursing professionals,K-5058,Åfjord,2018,
5061 Rindal,Nurses,K-5061,Rindal,2018,
5061 Rindal,Nursing professionals,K-5061,Rindal,2018,
1818 Herøy (Nordland),Nurses,K-1818,Herøy (Nordland),2018,13.0
1818 Herøy (Nordland),Nursing professionals,K-1818,Herøy (Nordland),2018,0.0
3907 Sandefjord,Nurses,K-3907,Sandefjord,2019,
3907 Sandefjord,Nursing professionals,K-3907,Sandefjord,2019,
1505 Kristiansund,Nurses,K-1505,Kristiansund,2019,109.0
1505 Kristiansund,Nursing professionals,K-1505,Kristiansund,2019,17.0
1506 Molde,Nurses,K-1506,Molde,2019,
1506 Molde,Nursing professionals,K-1506,Molde,2019,
1508 Ålesund,Nurses,K-1508,Ålesund,2019,
1508 Ålesund,Nursing professionals,K-1508,Ålesund,2019,
1511 Vanylven,Nurses,K-1511,Vanylven,2019,17.0
1511 Vanylven,Nursing professionals,K-1511,Vanylven,2019,2.0
1514 Sande,Nurses,K-1514,Sande,2019,16.0
1514 Sande,Nursing professionals,K-1514,Sande,2019,6.0
1515 Herøy (Møre og Romsdal),Nurses,K-1515,Herøy (Møre og Romsdal),2019,44.0
1515 Herøy (Møre og Romsdal),Nursing professionals,K-1515,Herøy (Møre og Romsdal),2019,
1516 Ulstein,Nurses,K-1516,Ulstein,2019,35.0
1516 Ulstein,Nursing professionals,K-1516,Ulstein,2019,4.0
1517 Hareid,Nurses,K-1517,Hareid,2019,28.0
1517 Hareid,Nursing professionals,K-1517,Hareid,2019,1.0
1520 Ørsta,Nurses,K-1520,Ørsta,2019,76.0
1520 Ørsta,Nursing professionals,K-1520,Ørsta,2019,6.0
1525 Stranda,Nurses,K-1525,Stranda,2019,26.0
1525 Stranda,Nursing professionals,K-1525,Stranda,2019,1.0
1528 Sykkylven,Nurses,K-1528,Sykkylven,2019,51.0
1528 Sykkylven,Nursing professionals,K-1528,Sykkylven,2019,11.0
1531 Sula,Nurses,K-1531,Sula,2019,53.0
1531 Sula,Nursing professionals,K-1531,Sula,2019,8.0
1532 Giske,Nurses,K-1532,Giske,2019,39.0
1532 Giske,Nursing professionals,K-1532,Giske,2019,8.0
1535 Vestnes,Nurses,K-1535,Vestnes,2019,44.0
1535 Vestnes,Nursing professionals,K-1535,Vestnes,2019,7.0
1539 Rauma,Nurses,K-1539,Rauma,2019,50.0
1539 Rauma,Nursing professionals,K-1539,Rauma,2019,7.0
1547 Aukra,Nurses,K-1547,Aukra,2019,16.0
1547 Aukra,Nursing professionals,K-1547,Aukra,2019,6.0
1557 Gjemnes,Nurses,K-1557,Gjemnes,2019,16.0
1557 Gjemnes,Nursing professionals,K-1557,Gjemnes,2019,4.0
1560 Tingvoll,Nurses,K-1560,Tingvoll,2019,13.0
1560 Tingvoll,Nursing professionals,K-1560,Tingvoll,2019,6.0
1563 Sunndal,Nurses,K-1563,Sunndal,2019,54.0
1563 Sunndal,Nursing professionals,K-1563,Sunndal,2019,11.0
1566 Surnadal,Nurses,K-1566,Surnadal,2019,38.0
1566 Surnadal,Nursing professionals,K-1566,Surnadal,2019,8.0
1573 Smøla,Nurses,K-1573,Smøla,2019,14.0
1573 Smøla,Nursing professionals,K-1573,Smøla,2019,2.0
1576 Aure,Nurses,K-1576,Aure,2019,22.0
1576 Aure,Nursing professionals,K-1576,Aure,2019,5.0
1578 Fjord,Nurses,K-1578,Fjord,2019,
1578 Fjord,Nursing professionals,K-1578,Fjord,2019,
1579 Hustadvika,Nurses,K-1579,Hustadvika,2019,
1579 Hustadvika,Nursing professionals,K-1579,Hustadvika,2019,
1580 Haram,Nurses,K-1580,Haram,2019,
1580 Haram,Nursing professionals,K-1580,Haram,2019,
5001 Trondheim - Tråante,Nurses,K-5001,Trondheim - Tråante,2019,711.0
5001 Trondheim - Tråante,Nursing professionals,K-5001,Trondheim - Tråante,2019,27.0
5006 Steinkjer - Stïentje,Nurses,K-5006,Steinkjer - Stïentje,2019,
5006 Steinkjer - Stïentje,Nursing professionals,K-5006,Steinkjer - Stïentje,2019,
5007 Namsos - Nåavmesjenjaelmie,Nurses,K-5007,Namsos - Nåavmesjenjaelmie,2019,
5007 Namsos - Nåavmesjenjaelmie,Nursing professionals,K-5007,Namsos - Nåavmesjenjaelmie,2019,
5014 Frøya,Nurses,K-5014,Frøya,2019,17.0
5014 Frøya,Nursing professionals,K-5014,Frøya,2019,4.0
5020 Osen,Nurses,K-5020,Osen,2019,4.0
5020 Osen,Nursing professionals,K-5020,Osen,2019,0.0
5021 Oppdal,Nurses,K-5021,Oppdal,2019,43.0
5021 Oppdal,Nursing professionals,K-5021,Oppdal,2019,3.0
5022 Rennebu,Nurses,K-5022,Rennebu,2019,14.0
5022 Rennebu,Nursing professionals,K-5022,Rennebu,2019,3.0
5025 Røros - Rosse,Nurses,K-5025,Røros - Rosse,2019,19.0
5025 Røros - Rosse,Nursing professionals,K-5025,Røros - Rosse,2019,7.0
5026 Holtålen,Nurses,K-5026,Holtålen,2019,15.0
5026 Holtålen,Nursing professionals,K-5026,Holtålen,2019,3.0
5027 Midtre Gauldal,Nurses,K-5027,Midtre Gauldal,2019,41.0
5027 Midtre Gauldal,Nursing professionals,K-5027,Midtre Gauldal,2019,5.0
5028 Melhus,Nurses,K-5028,Melhus,2019,56.0
5028 Melhus,Nursing professionals,K-5028,Melhus,2019,13.0
5029 Skaun,Nurses,K-5029,Skaun,2019,22.0
5029 Skaun,Nursing professionals,K-5029,Skaun,2019,6.0
5031 Malvik,Nurses,K-5031,Malvik,2019,48.0
5031 Malvik,Nursing professionals,K-5031,Malvik,2019,6.0
5032 Selbu,Nurses,K-5032,Selbu,2019,20.0
5032 Selbu,Nursing professionals,K-5032,Selbu,2019,4.0
5033 Tydal,Nurses,K-5033,Tydal,2019,6.0
5033 Tydal,Nursing professionals,K-5033,Tydal,2019,1.0
5034 Meråker,Nurses,K-5034,Meråker,2019,18.0
5034 Meråker,Nursing professionals,K-5034,Meråker,2019,3.0
5035 Stjørdal,Nurses,K-5035,Stjørdal,2019,98.0
5035 Stjørdal,Nursing professionals,K-5035,Stjørdal,2019,20.0
5036 Frosta,Nurses,K-5036,Frosta,2019,16.0
5036 Frosta,Nursing professionals,K-5036,Frosta,2019,5.0
5037 Levanger,Nurses,K-5037,Levanger,2019,109.0
5037 Levanger,Nursing professionals,K-5037,Levanger,2019,9.0
5038 Verdal,Nurses,K-5038,Verdal,2019,60.0
5038 Verdal,Nursing professionals,K-5038,Verdal,2019,22.0
5041 Snåase - Snåsa,Nurses,K-5041,Snåase - Snåsa,2019,10.0
5041 Snåase - Snåsa,Nursing professionals,K-5041,Snåase - Snåsa,2019,2.0
5042 Lierne,Nurses,K-5042,Lierne,2019,12.0
5042 Lierne,Nursing professionals,K-5042,Lierne,2019,2.0
5043 Raarvihke - Røyrvik,Nurses,K-5043,Raarvihke - Røyrvik,2019,4.0
5043 Raarvihke - Røyrvik,Nursing professionals,K-5043,Raarvihke - Røyrvik,2019,1.0
5044 Namsskogan,Nurses,K-5044,Namsskogan,2019,8.0
5044 Namsskogan,Nursing professionals,K-5044,Namsskogan,2019,1.0
5045 Grong,Nurses,K-5045,Grong,2019,23.0
5045 Grong,Nursing professionals,K-5045,Grong,2019,3.0
5046 Høylandet,Nurses,K-5046,Høylandet,2019,12.0
5046 Høylandet,Nursing professionals,K-5046,Høylandet,2019,3.0
5047 Overhalla,Nurses,K-5047,Overhalla,2019,25.0
5047 Overhalla,Nursing professionals,K-5047,Overhalla,2019,12.0
5049 Flatanger,Nurses,K-5049,Flatanger,2019,9.0
5049 Flatanger,Nursing professionals,K-5049,Flatanger,2019,3.0
5052 Leka,Nurses,K-5052,Leka,2019,6.0
5052 Leka,Nursing professionals,K-5052,Leka,2019,1.0
5054 Indre Fosen,Nurses,K-5054,Indre Fosen,2019,49.0
5054 Indre Fosen,Nursing professionals,K-5054,Indre Fosen,2019,4.0
5055 Heim,Nurses,K-5055,Heim,2019,
5055 Heim,Nursing professionals,K-5055,Heim,2019,
5057 Ørland,Nurses,K-5057,Ørland,2019,
5057 Ørland,Nursing professionals,K-5057,Ørland,2019,
5058 Åfjord,Nurses,K-5058,Åfjord,2019,
5058 Åfjord,Nursing professionals,K-5058,Åfjord,2019,
5061 Rindal,Nurses,K-5061,Rindal,2019,15.0
5061 Rindal,Nursing professionals,K-5061,Rindal,2019,6.0
1818 Herøy (Nordland),Nurses,K-1818,Herøy (Nordland),2019,7.0
1818 Herøy (Nordland),Nursing professionals,K-1818,Herøy (Nordland),2019,2.0
3907 Sandefjord,Nurses,K-3907,Sandefjord,2020,
3907 Sandefjord,Nursing professionals,K-3907,Sandefjord,2020,
1505 Kristiansund,Nurses,K-1505,Kristiansund,2020,91.0
1505 Kristiansund,Nursing professionals,K-1505,Kristiansund,2020,11.0
1506 Molde,Nurses,K-1506,Molde,2020,199.0
1506 Molde,Nursing professionals,K-1506,Molde,2020,31.0
1508 Ålesund,Nurses,K-1508,Ålesund,2020,
1508 Ålesund,Nursing professionals,K-1508,Ålesund,2020,
1511 Vanylven,Nurses,K-1511,Vanylven,2020,18.0
1511 Vanylven,Nursing professionals,K-1511,Vanylven,2020,2.0
1514 Sande,Nurses,K-1514,Sande,2020,17.0
1514 Sande,Nursing professionals,K-1514,Sande,2020,5.0
1515 Herøy (Møre og Romsdal),Nurses,K-1515,Herøy (Møre og Romsdal),2020,44.0
1515 Herøy (Møre og Romsdal),Nursing professionals,K-1515,Herøy (Møre og Romsdal),2020,
1516 Ulstein,Nurses,K-1516,Ulstein,2020,41.0
1516 Ulstein,Nursing professionals,K-1516,Ulstein,2020,4.0
1517 Hareid,Nurses,K-1517,Hareid,2020,32.0
1517 Hareid,Nursing professionals,K-1517,Hareid,2020,1.0
1520 Ørsta,Nurses,K-1520,Ørsta,2020,75.0
1520 Ørsta,Nursing professionals,K-1520,Ørsta,2020,5.0
1525 Stranda,Nurses,K-1525,Stranda,2020,30.0
1525 Stranda,Nursing professionals,K-1525,Stranda,2020,2.0
1528 Sykkylven,Nurses,K-1528,Sykkylven,2020,52.0
1528 Sykkylven,Nursing professionals,K-1528,Sykkylven,2020,11.0
1531 Sula,Nurses,K-1531,Sula,2020,55.0
1531 Sula,Nursing professionals,K-1531,Sula,2020,9.0
1532 Giske,Nurses,K-1532,Giske,2020,37.0
1532 Giske,Nursing professionals,K-1532,Giske,2020,7.0
1535 Vestnes,Nurses,K-1535,Vestnes,2020,48.0
1535 Vestnes,Nursing professionals,K-1535,Vestnes,2020,8.0
1539 Rauma,Nurses,K-1539,Rauma,2020,50.0
1539 Rauma,Nursing professionals,K-1539,Rauma,2020,9.0
1547 Aukra,Nurses,K-1547,Aukra,2020,20.0
1547 Aukra,Nursing professionals,K-1547,Aukra,2020,5.0
1557 Gjemnes,Nurses,K-1557,Gjemnes,2020,17.0
1557 Gjemnes,Nursing professionals,K-1557,Gjemnes,2020,4.0
1560 Tingvoll,Nurses,K-1560,Tingvoll,2020,12.0
1560 Tingvoll,Nursing professionals,K-1560,Tingvoll,2020,6.0
1563 Sunndal,Nurses,K-1563,Sunndal,2020,61.0
1563 Sunndal,Nursing professionals,K-1563,Sunndal,2020,10.0
1566 Surnadal,Nurses,K-1566,Surnadal,2020,39.0
1566 Surnadal,Nursing professionals,K-1566,Surnadal,2020,7.0
1573 Smøla,Nurses,K-1573,Smøla,2020,13.0
1573 Smøla,Nursing professionals,K-1573,Smøla,2020,2.0
1576 Aure,Nurses,K-1576,Aure,2020,26.0
1576 Aure,Nursing professionals,K-1576,Aure,2020,2.0
1578 Fjord,Nurses,K-1578,Fjord,2020,14.0
1578 Fjord,Nursing professionals,K-1578,Fjord,2020,2.0
1579 Hustadvika,Nurses,K-1579,Hustadvika,2020,80.0
1579 Hustadvika,Nursing professionals,K-1579,Hustadvika,2020,15.0
1580 Haram,Nurses,K-1580,Haram,2020,
1580 Haram,Nursing professionals,K-1580,Haram,2020,
5001 Trondheim - Tråante,Nurses,K-5001,Trondheim - Tråante,2020,685.0
5001 Trondheim - Tråante,Nursing professionals,K-5001,Trondheim - Tråante,2020,41.0
5006 Steinkjer - Stïentje,Nurses,K-5006,Steinkjer - Stïentje,2020,181.0
5006 Steinkjer - Stïentje,Nursing professionals,K-5006,Steinkjer - Stïentje,2020,23.0
5007 Namsos - Nåavmesjenjaelmie,Nurses,K-5007,Namsos - Nåavmesjenjaelmie,2020,102.0
5007 Namsos - Nåavmesjenjaelmie,Nursing professionals,K-5007,Namsos - Nåavmesjenjaelmie,2020,26.0
5014 Frøya,Nurses,K-5014,Frøya,2020,15.0
5014 Frøya,Nursing professionals,K-5014,Frøya,2020,1.0
5020 Osen,Nurses,K-5020,Osen,2020,7.0
5020 Osen,Nursing professionals,K-5020,Osen,2020,0.0
5021 Oppdal,Nurses,K-5021,Oppdal,2020,45.0
5021 Oppdal,Nursing professionals,K-5021,Oppdal,2020,6.0
5022 Rennebu,Nurses,K-5022,Rennebu,2020,18.0
5022 Rennebu,Nursing professionals,K-5022,Rennebu,2020,2.0
5025 Røros - Rosse,Nurses,K-5025,Røros - Rosse,2020,19.0
5025 Røros - Rosse,Nursing professionals,K-5025,Røros - Rosse,2020,6.0
5026 Holtålen,Nurses,K-5026,Holtålen,2020,14.0
5026 Holtålen,Nursing professionals,K-5026,Holtålen,2020,2.0
5027 Midtre Gauldal,Nurses,K-5027,Midtre Gauldal,2020,38.0
5027 Midtre Gauldal,Nursing professionals,K-5027,Midtre Gauldal,2020,5.0
5028 Melhus,Nurses,K-5028,Melhus,2020,51.0
5028 Melhus,Nursing professionals,K-5028,Melhus,2020,14.0
5029 Skaun,Nurses,K-5029,Skaun,2020,21.0
5029 Skaun,Nursing professionals,K-5029,Skaun,2020,7.0
5031 Malvik,Nurses,K-5031,Malvik,2020,50.0
5031 Malvik,Nursing professionals,K-5031,Malvik,2020,7.0
5032 Selbu,Nurses,K-5032,Selbu,2020,22.0
5032 Selbu,Nursing professionals,K-5032,Selbu,2020,3.0
5033 Tydal,Nurses,K-5033,Tydal,2020,6.0
5033 Tydal,Nursing professionals,K-5033,Tydal,2020,1.0
5034 Meråker,Nurses,K-5034,Meråker,2020,18.0
5034 Meråker,Nursing professionals,K-5034,Meråker,2020,2.0
5035 Stjørdal,Nurses,K-5035,Stjørdal,2020,102.0
5035 Stjørdal,Nursing professionals,K-5035,Stjørdal,2020,20.0
5036 Frosta,Nurses,K-5036,Frosta,2020,14.0
5036 Frosta,Nursing professionals,K-5036,Frosta,2020,5.0
5037 Levanger,Nurses,K-5037,Levanger,2020,124.0
5037 Levanger,Nursing professionals,K-5037,Levanger,2020,14.0
5038 Verdal,Nurses,K-5038,Verdal,2020,58.0
5038 Verdal,Nursing professionals,K-5038,Verdal,2020,21.0
5041 Snåase - Snåsa,Nurses,K-5041,Snåase - Snåsa,2020,11.0
5041 Snåase - Snåsa,Nursing professionals,K-5041,Snåase - Snåsa,2020,2.0
5042 Lierne,Nurses,K-5042,Lierne,2020,12.0
5042 Lierne,Nursing professionals,K-5042,Lierne,2020,3.0
5043 Raarvihke - Røyrvik,Nurses,K-5043,Raarvihke - Røyrvik,2020,4.0
5043 Raarvihke - Røyrvik,Nursing professionals,K-5043,Raarvihke - Røyrvik,2020,1.0
5044 Namsskogan,Nurses,K-5044,Namsskogan,2020,6.0
5044 Namsskogan,Nursing professionals,K-5044,Namsskogan,2020,1.0
5045 Grong,Nurses,K-5045,Grong,2020,22.0
5045 Grong,Nursing professionals,K-5045,Grong,2020,3.0
5046 Høylandet,Nurses,K-5046,Høylandet,2020,10.0
5046 Høylandet,Nursing professionals,K-5046,Høylandet,2020,1.0
5047 Overhalla,Nurses,K-5047,Overhalla,2020,23.0
5047 Overhalla,Nursing professionals,K-5047,Overhalla,2020,12.0
5049 Flatanger,Nurses,K-5049,Flatanger,2020,10.0
5049 Flatanger,Nursing professionals,K-5049,Flatanger,2020,2.0
5052 Leka,Nurses,K-5052,Leka,2020,8.0
5052 Leka,Nursing professionals,K-5052,Leka,2020,1.0
5054 Indre Fosen,Nurses,K-5054,Indre Fosen,2020,50.0
5054 Indre Fosen,Nursing professionals,K-5054,Indre Fosen,2020,5.0
5055 Heim,Nurses,K-5055,Heim,2020,28.0
5055 Heim,Nursing professionals,K-5055,Heim,2020,7.0
5057 Ørland,Nurses,K-5057,Ørland,2020,56.0
5057 Ørland,Nursing professionals,K-5057,Ørland,2020,6.0
5058 Åfjord,Nurses,K-5058,Åfjord,2020,30.0
5058 Åfjord,Nursing professionals,K-5058,Åfjord,2020,6.0
5061 Rindal,Nurses,K-5061,Rindal,2020,16.0
5061 Rindal,Nursing professionals,K-5061,Rindal,2020,3.0
1818 Herøy (Nordland),Nurses,K-1818,Herøy (Nordland),2020,7.0
1818 Herøy (Nordland),Nursing professionals,K-1818,Herøy (Nordland),2020,2.0
3907 Sandefjord,Nurses,K-3907,Sandefjord,2021,
3907 Sandefjord,Nursing professionals,K-3907,Sandefjord,2021,
1505 Kristiansund,Nurses,K-1505,Kristiansund,2021,90.0
1505 Kristiansund,Nursing professionals,K-1505,Kristiansund,2021,11.0
1506 Molde,Nurses,K-1506,Molde,2021,200.0
1506 Molde,Nursing professionals,K-1506,Molde,2021,30.0
1508 Ålesund,Nurses,K-1508,Ålesund,2021,
1508 Ålesund,Nursing professionals,K-1508,Ålesund,2021,
1511 Vanylven,Nurses,K-1511,Vanylven,2021,20.0
1511 Vanylven,Nursing professionals,K-1511,Vanylven,2021,2.0
1514 Sande,Nurses,K-1514,Sande,2021,17.0
1514 Sande,Nursing professionals,K-1514,Sande,2021,5.0
1515 Herøy (Møre og Romsdal),Nurses,K-1515,Herøy (Møre og Romsdal),2021,45.0
1515 Herøy (Møre og Romsdal),Nursing professionals,K-1515,Herøy (Møre og Romsdal),2021,
1516 Ulstein,Nurses,K-1516,Ulstein,2021,42.0
1516 Ulstein,Nursing professionals,K-1516,Ulstein,2021,3.0
1517 Hareid,Nurses,K-1517,Hareid,2021,29.0
1517 Hareid,Nursing professionals,K-1517,Hareid,2021,0.0
1520 Ørsta,Nurses,K-1520,Ørsta,2021,68.0
1520 Ørsta,Nursing professionals,K-1520,Ørsta,2021,6.0
1525 Stranda,Nurses,K-1525,Stranda,2021,26.0
1525 Stranda,Nursing professionals,K-1525,Stranda,2021,3.0
1528 Sykkylven,Nurses,K-1528,Sykkylven,2021,50.0
1528 Sykkylven,Nursing professionals,K-1528,Sykkylven,2021,13.0
1531 Sula,Nurses,K-1531,Sula,2021,52.0
1531 Sula,Nursing professionals,K-1531,Sula,2021,9.0
1532 Giske,Nurses,K-1532,Giske,2021,39.0
1532 Giske,Nursing professionals,K-1532,Giske,2021,9.0
1535 Vestnes,Nurses,K-1535,Vestnes,2021,51.0
1535 Vestnes,Nursing professionals,K-1535,Vestnes,2021,7.0
1539 Rauma,Nurses,K-1539,Rauma,2021,41.0
1539 Rauma,Nursing professionals,K-1539,Rauma,2021,9.0
1547 Aukra,Nurses,K-1547,Aukra,2021,20.0
1547 Aukra,Nursing professionals,K-1547,Aukra,2021,9.0
1557 Gjemnes,Nurses,K-1557,Gjemnes,2021,17.0
1557 Gjemnes,Nursing professionals,K-1557,Gjemnes,2021,4.0
1560 Tingvoll,Nurses,K-1560,Tingvoll,2021,12.0
1560 Tingvoll,Nursing professionals,K-1560,Tingvoll,2021,6.0
1563 Sunndal,Nurses,K-1563,Sunndal,2021,53.0
1563 Sunndal,Nursing professionals,K-1563,Sunndal,2021,8.0
1566 Surnadal,Nurses,K-1566,Surnadal,2021,39.0
1566 Surnadal,Nursing professionals,K-1566,Surnadal,2021,7.0
1573 Smøla,Nurses,K-1573,Smøla,2021,12.0
1573 Smøla,Nursing professionals,K-1573,Smøla,2021,2.0
1576 Aure,Nurses,K-1576,Aure,2021,23.0
1576 Aure,Nursing professionals,K-1576,Aure,2021,3.0
1578 Fjord,Nurses,K-1578,Fjord,2021,15.0
1578 Fjord,Nursing professionals,K-1578,Fjord,2021,1.0
1579 Hustadvika,Nurses,K-1579,Hustadvika,2021,77.0
1579 Hustadvika,Nursing professionals,K-1579,Hustadvika,2021,13.0
1580 Haram,Nurses,K-1580,Haram,2021,
1580 Haram,Nursing professionals,K-1580,Haram,2021,
5001 Trondheim - Tråante,Nurses,K-5001,Trondheim - Tråante,2021,680.0
5001 Trondheim - Tråante,Nursing professionals,K-5001,Trondheim - Tråante,2021,37.0
5006 Steinkjer - Stïentje,Nurses,K-5006,Steinkjer - Stïentje,2021,174.0
5006 Steinkjer - Stïentje,Nursing professionals,K-5006,Steinkjer - Stïentje,2021,18.0
5007 Namsos - Nåavmesjenjaelmie,Nurses,K-5007,Namsos - Nåavmesjenjaelmie,2021,90.0
5007 Namsos - Nåavmesjenjaelmie,Nursing professionals,K-5007,Namsos - Nåavmesjenjaelmie,2021,30.0
5014 Frøya,Nurses,K-5014,Frøya,2021,15.0
5014 Frøya,Nursing professionals,K-5014,Frøya,2021,1.0
5020 Osen,Nurses,K-5020,Osen,2021,8.0
5020 Osen,Nursing professionals,K-5020,Osen,2021,0.0
5021 Oppdal,Nurses,K-5021,Oppdal,2021,45.0
5021 Oppdal,Nursing professionals,K-5021,Oppdal,2021,6.0
5022 Rennebu,Nurses,K-5022,Rennebu,2021,18.0
5022 Rennebu,Nursing professionals,K-5022,Rennebu,2021,3.0
5025 Røros - Rosse,Nurses,K-5025,Røros - Rosse,2021,18.0
5025 Røros - Rosse,Nursing professionals,K-5025,Røros - Rosse,2021,5.0
5026 Holtålen,Nurses,K-5026,Holtålen,2021,13.0
5026 Holtålen,Nursing professionals,K-5026,Holtålen,2021,2.0
5027 Midtre Gauldal,Nurses,K-5027,Midtre Gauldal,2021,33.0
5027 Midtre Gauldal,Nursing professionals,K-5027,Midtre Gauldal,2021,4.0
5028 Melhus,Nurses,K-5028,Melhus,2021,54.0
5028 Melhus,Nursing professionals,K-5028,Melhus,2021,15.0
5029 Skaun,Nurses,K-5029,Skaun,2021,28.0
5029 Skaun,Nursing professionals,K-5029,Skaun,2021,5.0
5031 Malvik,Nurses,K-5031,Malvik,2021,49.0
5031 Malvik,Nursing professionals,K-5031,Malvik,2021,7.0
5032 Selbu,Nurses,K-5032,Selbu,2021,25.0
5032 Selbu,Nursing professionals,K-5032,Selbu,2021,5.0
5033 Tydal,Nurses,K-5033,Tydal,2021,5.0
5033 Tydal,Nursing professionals,K-5033,Tydal,2021,2.0
5034 Meråker,Nurses,K-5034,Meråker,2021,15.0
5034 Meråker,Nursing professionals,K-5034,Meråker,2021,2.0
5035 Stjørdal,Nurses,K-5035,Stjørdal,2021,109.0
5035 Stjørdal,Nursing professionals,K-5035,Stjørdal,2021,20.0
5036 Frosta,Nurses,K-5036,Frosta,2021,16.0
5036 Frosta,Nursing professionals,K-5036,Frosta,2021,6.0
5037 Levanger,Nurses,K-5037,Levanger,2021,122.0
5037 Levanger,Nursing professionals,K-5037,Levanger,2021,14.0
5038 Verdal,Nurses,K-5038,Verdal,2021,52.0
5038 Verdal,Nursing professionals,K-5038,Verdal,2021,22.0
5041 Snåase - Snåsa,Nurses,K-5041,Snåase - Snåsa,2021,11.0
5041 Snåase - Snåsa,Nursing professionals,K-5041,Snåase - Snåsa,2021,1.0
5042 Lierne,Nurses,K-5042,Lierne,2021,9.0
5042 Lierne,Nursing professionals,K-5042,Lierne,2021,3.0
5043 Raarvihke - Røyrvik,Nurses,K-5043,Raarvihke - Røyrvik,2021,4.0
5043 Raarvihke - Røyrvik,Nursing professionals,K-5043,Raarvihke - Røyrvik,2021,1.0
5044 Namsskogan,Nurses,K-5044,Namsskogan,2021,6.0
5044 Namsskogan,Nursing professionals,K-5044,Namsskogan,2021,0.0
5045 Grong,Nurses,K-5045,Grong,2021,19.0
5045 Grong,Nursing professionals,K-5045,Grong,2021,3.0
5046 Høylandet,Nurses,K-5046,Høylandet,2021,10.0
5046 Høylandet,Nursing professionals,K-5046,Høylandet,2021,2.0
5047 Overhalla,Nurses,K-5047,Overhalla,2021,24.0
5047 Overhalla,Nursing professionals,K-5047,Overhalla,2021,12.0
5049 Flatanger,Nurses,K-5049,Flatanger,2021,9.0
5049 Flatanger,Nursing professionals,K-5049,Flatanger,2021,2.0
5052 Leka,Nurses,K-5052,Leka,2021,6.0
5052 Leka,Nursing professionals,K-5052,Leka,2021,1.0
5054 Indre Fosen,Nurses,K-5054,Indre Fosen,2021,48.0
5054 Indre Fosen,Nursing professionals,K-5054,Indre Fosen,2021,6.0
5055 Heim,Nurses,K-5055,Heim,2021,29.0
5055 Heim,Nursing professionals,K-5055,Heim,2021,7.0
5057 Ørland,Nurses,K-5057,Ørland,2021,53.0
5057 Ørland,Nursing professionals,K-5057,Ørland,2021,5.0
5058 Åfjord,Nurses,K-5058,Åfjord,2021,30.0
5058 Åfjord,Nursing professionals,K-5058,Åfjord,2021,7.0
5061 Rindal,Nurses,K-5061,Rindal,2021,18.0
5061 Rindal,Nursing professionals,K-5061,Rindal,2021,3.0
1818 Herøy (Nordland),Nurses,K-1818,Herøy (Nordland),2021,7.0
1818 Herøy (Nordland),Nursing professionals,K-1818,Herøy (Nordland),2021,2.0
3907 Sandefjord,Nurses,K-3907,Sandefjord,2022,
3907 Sandefjord,Nursing professionals,K-3907,Sandefjord,2022,
1505 Kristiansund,Nurses,K-1505,Kristiansund,2022,88.0
1505 Kristiansund,Nursing professionals,K-1505,Kristiansund,2022,15.0
1506 Molde,Nurses,K-1506,Molde,2022,187.0
1506 Molde,Nursing professionals,K-1506,Molde,2022,32.0
1508 Ålesund,Nurses,K-1508,Ålesund,2022,
1508 Ålesund,Nursing professionals,K-1508,Ålesund,2022,
1511 Vanylven,Nurses,K-1511,Vanylven,2022,18.0
1511 Vanylven,Nursing professionals,K-1511,Vanylven,2022,2.0
1514 Sande,Nurses,K-1514,Sande,2022,16.0
1514 Sande,Nursing professionals,K-1514,Sande,2022,5.0
1515 Herøy (Møre og Romsdal),Nurses,K-1515,Herøy (Møre og Romsdal),2022,47.0
1515 Herøy (Møre og Romsdal),Nursing professionals,K-1515,Herøy (Møre og Romsdal),2022,2.0
1516 Ulstein,Nurses,K-1516,Ulstein,2022,47.0
1516 Ulstein,Nursing professionals,K-1516,Ulstein,2022,3.0
1517 Hareid,Nurses,K-1517,Hareid,2022,32.0
1517 Hareid,Nursing professionals,K-1517,Hareid,2022,2.0
1520 Ørsta,Nurses,K-1520,Ørsta,2022,72.0
1520 Ørsta,Nursing professionals,K-1520,Ørsta,2022,4.0
1525 Stranda,Nurses,K-1525,Stranda,2022,26.0
1525 Stranda,Nursing professionals,K-1525,Stranda,2022,3.0
1528 Sykkylven,Nurses,K-1528,Sykkylven,2022,51.0
1528 Sykkylven,Nursing professionals,K-1528,Sykkylven,2022,12.0
1531 Sula,Nurses,K-1531,Sula,2022,58.0
1531 Sula,Nursing professionals,K-1531,Sula,2022,8.0
1532 Giske,Nurses,K-1532,Giske,2022,40.0
1532 Giske,Nursing professionals,K-1532,Giske,2022,9.0
1535 Vestnes,Nurses,K-1535,Vestnes,2022,44.0
1535 Vestnes,Nursing professionals,K-1535,Vestnes,2022,6.0
1539 Rauma,Nurses,K-1539,Rauma,2022,33.0
1539 Rauma,Nursing professionals,K-1539,Rauma,2022,10.0
1547 Aukra,Nurses,K-1547,Aukra,2022,17.0
1547 Aukra,Nursing professionals,K-1547,Aukra,2022,10.0
1557 Gjemnes,Nurses,K-1557,Gjemnes,2022,19.0
1557 Gjemnes,Nursing professionals,K-1557,Gjemnes,2022,6.0
1560 Tingvoll,Nurses,K-1560,Tingvoll,2022,11.0
1560 Tingvoll,Nursing professionals,K-1560,Tingvoll,2022,8.0
1563 Sunndal,Nurses,K-1563,Sunndal,2022,50.0
1563 Sunndal,Nursing professionals,K-1563,Sunndal,2022,6.0
1566 Surnadal,Nurses,K-1566,Surnadal,2022,37.0
1566 Surnadal,Nursing professionals,K-1566,Surnadal,2022,9.0
1573 Smøla,Nurses,K-1573,Smøla,2022,11.0
1573 Smøla,Nursing professionals,K-1573,Smøla,2022,1.0
1576 Aure,Nurses,K-1576,Aure,2022,21.0
1576 Aure,Nursing professionals,K-1576,Aure,2022,4.0
1578 Fjord,Nurses,K-1578,Fjord,2022,17.0
1578 Fjord,Nursing professionals,K-1578,Fjord,2022,1.0
1579 Hustadvika,Nurses,K-1579,Hustadvika,2022,74.0
1579 Hustadvika,Nursing professionals,K-1579,Hustadvika,2022,14.0
1580 Haram,Nurses,K-1580,Haram,2022,
1580 Haram,Nursing professionals,K-1580,Haram,2022,
5001 Trondheim - Tråante,Nurses,K-5001,Trondheim - Tråante,2022,665.0
5001 Trondheim - Tråante,Nursing professionals,K-5001,Trondheim - Tråante,2022,39.0
5006 Steinkjer - Stïentje,Nurses,K-5006,Steinkjer - Stïentje,2022,169.0
5006 Steinkjer - Stïentje,Nursing professionals,K-5006,Steinkjer - Stïentje,2022,19.0
5007 Namsos - Nåavmesjenjaelmie,Nurses,K-5007,Namsos - Nåavmesjenjaelmie,2022,88.0
5007 Namsos - Nåavmesjenjaelmie,Nursing professionals,K-5007,Namsos - Nåavmesjenjaelmie,2022,28.0
5014 Frøya,Nurses,K-5014,Frøya,2022,14.0
5014 Frøya,Nursing professionals,K-5014,Frøya,2022,1.0
5020 Osen,Nurses,K-5020,Osen,2022,6.0
5020 Osen,Nursing professionals,K-5020,Osen,2022,0.0
5021 Oppdal,Nurses,K-5021,Oppdal,2022,44.0
5021 Oppdal,Nursing professionals,K-5021,Oppdal,2022,7.0
5022 Rennebu,Nurses,K-5022,Rennebu,2022,12.0
5022 Rennebu,Nursing professionals,K-5022,Rennebu,2022,5.0
5025 Røros - Rosse,Nurses,K-5025,Røros - Rosse,2022,18.0
5025 Røros - Rosse,Nursing professionals,K-5025,Røros - Rosse,2022,2.0
5026 Holtålen,Nurses,K-5026,Holtålen,2022,12.0
5026 Holtålen,Nursing professionals,K-5026,Holtålen,2022,2.0
5027 Midtre Gauldal,Nurses,K-5027,Midtre Gauldal,2022,35.0
5027 Midtre Gauldal,Nursing professionals,K-5027,Midtre Gauldal,2022,3.0
5028 Melhus,Nurses,K-5028,Melhus,2022,53.0
5028 Melhus,Nursing professionals,K-5028,Melhus,2022,12.0
5029 Skaun,Nurses,K-5029,Skaun,2022,20.0
5029 Skaun,Nursing professionals,K-5029,Skaun,2022,5.0
5031 Malvik,Nurses,K-5031,Malvik,2022,53.0
5031 Malvik,Nursing professionals,K-5031,Malvik,2022,12.0
5032 Selbu,Nurses,K-5032,Selbu,2022,29.0
5032 Selbu,Nursing professionals,K-5032,Selbu,2022,4.0
5033 Tydal,Nurses,K-5033,Tydal,2022,5.0
5033 Tydal,Nursing professionals,K-5033,Tydal,2022,2.0
5034 Meråker,Nurses,K-5034,Meråker,2022,15.0
5034 Meråker,Nursing professionals,K-5034,Meråker,2022,2.0
5035 Stjørdal,Nurses,K-5035,Stjørdal,2022,105.0
5035 Stjørdal,Nursing professionals,K-5035,Stjørdal,2022,27.0
5036 Frosta,Nurses,K-5036,Frosta,2022,19.0
5036 Frosta,Nursing professionals,K-5036,Frosta,2022,4.0
5037 Levanger,Nurses,K-5037,Levanger,2022,106.0
5037 Levanger,Nursing professionals,K-5037,Levanger,2022,12.0
5038 Verdal,Nurses,K-5038,Verdal,2022,57.0
5038 Verdal,Nursing professionals,K-5038,Verdal,2022,21.0
5041 Snåase - Snåsa,Nurses,K-5041,Snåase - Snåsa,2022,14.0
5041 Snåase - Snåsa,Nursing professionals,K-5041,Snåase - Snåsa,2022,2.0
5042 Lierne,Nurses,K-5042,Lierne,2022,8.0
5042 Lierne,Nursing professionals,K-5042,Lierne,2022,2.0
5043 Raarvihke - Røyrvik,Nurses,K-5043,Raarvihke - Røyrvik,2022,4.0
5043 Raarvihke - Røyrvik,Nursing professionals,K-5043,Raarvihke - Røyrvik,2022,2.0
5044 Namsskogan,Nurses,K-5044,Namsskogan,2022,8.0
5044 Namsskogan,Nursing professionals,K-5044,Namsskogan,2022,1.0
5045 Grong,Nurses,K-5045,Grong,2022,20.0
5045 Grong,Nursing professionals,K-5045,Grong,2022,2.0
5046 Høylandet,Nurses,K-5046,Høylandet,2022,10.0
5046 Høylandet,Nursing professionals,K-5046,Høylandet,2022,1.0
5047 Overhalla,Nurses,K-5047,Overhalla,2022,23.0
5047 Overhalla,Nursing professionals,K-5047,Overhalla,2022,10.0
5049 Flatanger,Nurses,K-5049,Flatanger,2022,9.0
5049 Flatanger,Nursing professionals,K-5049,Flatanger,2022,1.0
5052 Leka,Nurses,K-5052,Leka,2022,10.0
5052 Leka,Nursing professionals,K-5052,Leka,2022,1.0
5054 Indre Fosen,Nurses,K-5054,Indre Fosen,2022,51.0
5054 Indre Fosen,Nursing professionals,K-5054,Indre Fosen,2022,5.0
5055 Heim,Nurses,K-5055,Heim,2022,29.0
5055 Heim,Nursing professionals,K-5055,Heim,2022,6.0
5057 Ørland,Nurses,K-5057,Ørland,2022,66.0
5057 Ørland,Nursing professionals,K-5057,Ørland,2022,5.0
5058 Åfjord,Nurses,K-5058,Åfjord,2022,31.0
5058 Åfjord,Nursing professionals,K-5058,Åfjord,2022,5.0
5061 Rindal,Nurses,K-5061,Rindal,2022,15.0
5061 Rindal,Nursing professionals,K-5061,Rindal,2022,3.0
1818 Herøy (Nordland),Nurses,K-1818,Herøy (Nordland),2022,8.0
1818 Herøy (Nordland),Nursing professionals,K-1818,Herøy (Nordland),2022,2.0
3907 Sandefjord,Nurses,K-3907,Sandefjord,2023,
3907 Sandefjord,Nursing professionals,K-3907,Sandefjord,2023,
1505 Kristiansund,Nurses,K-1505,Kristiansund,2023,93.0
1505 Kristiansund,Nursing professionals,K-1505,Kristiansund,2023,14.0
1506 Molde,Nurses,K-1506,Molde,2023,187.0
1506 Molde,Nursing professionals,K-1506,Molde,2023,29.0
1508 Ålesund,Nurses,K-1508,Ålesund,2023,
1508 Ålesund,Nursing professionals,K-1508,Ålesund,2023,
1511 Vanylven,Nurses,K-1511,Vanylven,2023,15.0
1511 Vanylven,Nursing professionals,K-1511,Vanylven,2023,2.0
1514 Sande,Nurses,K-1514,Sande,2023,13.0
1514 Sande,Nursing professionals,K-1514,Sande,2023,4.0
1515 Herøy (Møre og Romsdal),Nurses,K-1515,Herøy (Møre og Romsdal),2023,51.0
1515 Herøy (Møre og Romsdal),Nursing professionals,K-1515,Herøy (Møre og Romsdal),2023,4.0
1516 Ulstein,Nurses,K-1516,Ulstein,2023,51.0
1516 Ulstein,Nursing professionals,K-1516,Ulstein,2023,4.0
1517 Hareid,Nurses,K-1517,Hareid,2023,29.0
1517 Hareid,Nursing professionals,K-1517,Hareid,2023,3.0
1520 Ørsta,Nurses,K-1520,Ørsta,2023,80.0
1520 Ørsta,Nursing professionals,K-1520,Ørsta,2023,8.0
1525 Stranda,Nurses,K-1525,Stranda,2023,24.0
1525 Stranda,Nursing professionals,K-1525,Stranda,2023,3.0
1528 Sykkylven,Nurses,K-1528,Sykkylven,2023,48.0
1528 Sykkylven,Nursing professionals,K-1528,Sykkylven,2023,12.0
1531 Sula,Nurses,K-1531,Sula,2023,60.0
1531 Sula,Nursing professionals,K-1531,Sula,2023,11.0
1532 Giske,Nurses,K-1532,Giske,2023,37.0
1532 Giske,Nursing professionals,K-1532,Giske,2023,7.0
1535 Vestnes,Nurses,K-1535,Vestnes,2023,40.0
1535 Vestnes,Nursing professionals,K-1535,Vestnes,2023,10.0
1539 Rauma,Nurses,K-1539,Rauma,2023,33.0
1539 Rauma,Nursing professionals,K-1539,Rauma,2023,8.0
1547 Aukra,Nurses,K-1547,Aukra,2023,20.0
1547 Aukra,Nursing professionals,K-1547,Aukra,2023,10.0
1557 Gjemnes,Nurses,K-1557,Gjemnes,2023,21.0
1557 Gjemnes,Nursing professionals,K-1557,Gjemnes,2023,5.0
1560 Tingvoll,Nurses,K-1560,Tingvoll,2023,13.0
1560 Tingvoll,Nursing professionals,K-1560,Tingvoll,2023,8.0
1563 Sunndal,Nurses,K-1563,Sunndal,2023,48.0
1563 Sunndal,Nursing professionals,K-1563,Sunndal,2023,4.0
1566 Surnadal,Nurses,K-1566,Surnadal,2023,36.0
1566 Surnadal,Nursing professionals,K-1566,Surnadal,2023,6.0
1573 Smøla,Nurses,K-1573,Smøla,2023,14.0
1573 Smøla,Nursing professionals,K-1573,Smøla,2023,1.0
1576 Aure,Nurses,K-1576,Aure,2023,25.0
1576 Aure,Nursing professionals,K-1576,Aure,2023,3.0
1578 Fjord,Nurses,K-1578,Fjord,2023,22.0
1578 Fjord,Nursing professionals,K-1578,Fjord,2023,0.0
1579 Hustadvika,Nurses,K-1579,Hustadvika,2023,69.0
1579 Hustadvika,Nursing professionals,K-1579,Hustadvika,2023,16.0
1580 Haram,Nurses,K-1580,Haram,2023,
1580 Haram,Nursing professionals,K-1580,Haram,2023,
5001 Trondheim - Tråante,Nurses,K-5001,Trondheim - Tråante,2023,644.0
5001 Trondheim - Tråante,Nursing professionals,K-5001,Trondheim - Tråante,2023,33.0
5006 Steinkjer - Stïentje,Nurses,K-5006,Steinkjer - Stïentje,2023,155.0
5006 Steinkjer - Stïentje,Nursing professionals,K-5006,Steinkjer - Stïentje,2023,16.0
5007 Namsos - Nåavmesjenjaelmie,Nurses,K-5007,Namsos - Nåavmesjenjaelmie,2023,82.0
5007 Namsos - Nåavmesjenjaelmie,Nursing professionals,K-5007,Namsos - Nåavmesjenjaelmie,2023,30.0
5014 Frøya,Nurses,K-5014,Frøya,2023,15.0
5014 Frøya,Nursing professionals,K-5014,Frøya,2023,3.0
5020 Osen,Nurses,K-5020,Osen,2023,5.0
5020 Osen,Nursing professionals,K-5020,Osen,2023,
5021 Oppdal,Nurses,K-5021,Oppdal,2023,43.0
5021 Oppdal,Nursing professionals,K-5021,Oppdal,2023,7.0
5022 Rennebu,Nurses,K-5022,Rennebu,2023,10.0
5022 Rennebu,Nursing professionals,K-5022,Rennebu,2023,6.0
5025 Røros - Rosse,Nurses,K-5025,Røros - Rosse,2023,20.0
5025 Røros - Rosse,Nursing professionals,K-5025,Røros - Rosse,2023,4.0
5026 Holtålen,Nurses,K-5026,Holtålen,2023,12.0
5026 Holtålen,Nursing professionals,K-5026,Holtålen,2023,3.0
5027 Midtre Gauldal,Nurses,K-5027,Midtre Gauldal,2023,36.0
5027 Midtre Gauldal,Nursing professionals,K-5027,Midtre Gauldal,2023,3.0
5028 Melhus,Nurses,K-5028,Melhus,2023,54.0
5028 Melhus,Nursing professionals,K-5028,Melhus,2023,10.0
5029 Skaun,Nurses,K-5029,Skaun,2023,24.0
5029 Skaun,Nursing professionals,K-5029,Skaun,2023,7.0
5031 Malvik,Nurses,K-5031,Malvik,2023,52.0
5031 Malvik,Nursing professionals,K-5031,Malvik,2023,14.0
5032 Selbu,Nurses,K-5032,Selbu,2023,28.0
5032 Selbu,Nursing professionals,K-5032,Selbu,2023,4.0
5033 Tydal,Nurses,K-5033,Tydal,2023,5.0
5033 Tydal,Nursing professionals,K-5033,Tydal,2023,1.0
5034 Meråker,Nurses,K-5034,Meråker,2023,14.0
5034 Meråker,Nursing professionals,K-5034,Meråker,2023,1.0
5035 Stjørdal,Nurses,K-5035,Stjørdal,2023,112.0
5035 Stjørdal,Nursing professionals,K-5035,Stjørdal,2023,28.0
5036 Frosta,Nurses,K-5036,Frosta,2023,17.0
5036 Frosta,Nursing professionals,K-5036,Frosta,2023,5.0
5037 Levanger,Nurses,K-5037,Levanger,2023,119.0
5037 Levanger,Nursing professionals,K-5037,Levanger,2023,13.0
5038 Verdal,Nurses,K-5038,Verdal,2023,61.0
5038 Verdal,Nursing professionals,K-5038,Verdal,2023,22.0
5041 Snåase - Snåsa,Nurses,K-5041,Snåase - Snåsa,2023,14.0
5041 Snåase - Snåsa,Nursing professionals,K-5041,Snåase - Snåsa,2023,3.0
5042 Lierne,Nurses,K-5042,Lierne,2023,9.0
5042 Lierne,Nursing professionals,K-5042,Lierne,2023,3.0
5043 Raarvihke - Røyrvik,Nurses,K-5043,Raarvihke - Røyrvik,2023,5.0
5043 Raarvihke - Røyrvik,Nursing professionals,K-5043,Raarvihke - Røyrvik,2023,3.0
5044 Namsskogan,Nurses,K-5044,Namsskogan,2023,4.0
5044 Namsskogan,Nursing professionals,K-5044,Namsskogan,2023,1.0
5045 Grong,Nurses,K-5045,Grong,2023,20.0
5045 Grong,Nursing professionals,K-5045,Grong,2023,2.0
5046 Høylandet,Nurses,K-5046,Høylandet,2023,12.0
5046 Høylandet,Nursing professionals,K-5046,Høylandet,2023,1.0
5047 Overhalla,Nurses,K-5047,Overhalla,2023,21.0
5047 Overhalla,Nursing professionals,K-5047,Overhalla,2023,9.0
5049 Flatanger,Nurses,K-5049,Flatanger,2023,8.0
5049 Flatanger,Nursing professionals,K-5049,Flatanger,2023,3.0
5052 Leka,Nurses,K-5052,Leka,2023,9.0
5052 Leka,Nursing professionals,K-5052,Leka,2023,2.0
5054 Indre Fosen,Nurses,K-5054,Indre Fosen,2023,56.0
5054 Indre Fosen,Nursing professionals,K-5054,Indre Fosen,2023,4.0
5055 Heim,Nurses,K-5055,Heim,2023,33.0
5055 Heim,Nursing professionals,K-5055,Heim,2023,5.0
5057 Ørland,Nurses,K-5057,Ørland,2023,58.0
5057 Ørland,Nursing professionals,K-5057,Ørland,2023,5.0
5058 Åfjord,Nurses,K-5058,Åfjord,2023,38.0
5058 Åfjord,Nursing professionals,K-5058,Åfjord,2023,5.0
5061 Rindal,Nurses,K-5061,Rindal,2023,12.0
5061 Rindal,Nursing professionals,K-5061,Rindal,2023,3.0
1818 Herøy (Nordland),Nurses,K-1818,Herøy (Nordland),2023,8.0
1818 Herøy (Nordland),Nursing professionals,K-1818,Herøy (Nordland),2023,2.0
3907 Sandefjord,Nurses,K-3907,Sandefjord,2024,316.0
3907 Sandefjord,Nursing professionals,K-3907,Sandefjord,2024,32.0
1505 Kristiansund,Nurses,K-1505,Kristiansund,2024,85.0
1505 Kristiansund,Nursing professionals,K-1505,Kristiansund,2024,13.0
1506 Molde,Nurses,K-1506,Molde,2024,186.0
1506 Molde,Nursing professionals,K-1506,Molde,2024,25.0
1508 Ålesund,Nurses,K-1508,Ålesund,2024,250.0
1508 Ålesund,Nursing professionals,K-1508,Ålesund,2024,35.0
1511 Vanylven,Nurses,K-1511,Vanylven,2024,15.0
1511 Vanylven,Nursing professionals,K-1511,Vanylven,2024,4.0
1514 Sande,Nurses,K-1514,Sande,2024,12.0
1514 Sande,Nursing professionals,K-1514,Sande,2024,6.0
1515 Herøy (Møre og Romsdal),Nurses,K-1515,Herøy (Møre og Romsdal),2024,47.0
1515 Herøy (Møre og Romsdal),Nursing professionals,K-1515,Herøy (Møre og Romsdal),2024,4.0
1516 Ulstein,Nurses,K-1516,Ulstein,2024,49.0
1516 Ulstein,Nursing professionals,K-1516,Ulstein,2024,5.0
1517 Hareid,Nurses,K-1517,Hareid,2024,28.0
1517 Hareid,Nursing professionals,K-1517,Hareid,2024,3.0
1520 Ørsta,Nurses,K-1520,Ørsta,2024,68.0
1520 Ørsta,Nursing professionals,K-1520,Ørsta,2024,11.0
1525 Stranda,Nurses,K-1525,Stranda,2024,27.0
1525 Stranda,Nursing professionals,K-1525,Stranda,2024,3.0
1528 Sykkylven,Nurses,K-1528,Sykkylven,2024,48.0
1528 Sykkylven,Nursing professionals,K-1528,Sykkylven,2024,10.0
1531 Sula,Nurses,K-1531,Sula,2024,60.0
1531 Sula,Nursing professionals,K-1531,Sula,2024,13.0
1532 Giske,Nurses,K-1532,Giske,2024,36.0
1532 Giske,Nursing professionals,K-1532,Giske,2024,9.0
1535 Vestnes,Nurses,K-1535,Vestnes,2024,38.0
1535 Vestnes,Nursing professionals,K-1535,Vestnes,2024,9.0
1539 Rauma,Nurses,K-1539,Rauma,2024,31.0
1539 Rauma,Nursing professionals,K-1539,Rauma,2024,7.0
1547 Aukra,Nurses,K-1547,Aukra,2024,20.0
1547 Aukra,Nursing professionals,K-1547,Aukra,2024,11.0
1557 Gjemnes,Nurses,K-1557,Gjemnes,2024,20.0
1557 Gjemnes,Nursing professionals,K-1557,Gjemnes,2024,4.0
1560 Tingvoll,Nurses,K-1560,Tingvoll,2024,15.0
1560 Tingvoll,Nursing professionals,K-1560,Tingvoll,2024,6.0
1563 Sunndal,Nurses,K-1563,Sunndal,2024,45.0
1563 Sunndal,Nursing professionals,K-1563,Sunndal,2024,3.0
1566 Surnadal,Nurses,K-1566,Surnadal,2024,34.0
1566 Surnadal,Nursing professionals,K-1566,Surnadal,2024,8.0
1573 Smøla,Nurses,K-1573,Smøla,2024,13.0
1573 Smøla,Nursing professionals,K-1573,Smøla,2024,1.0
1576 Aure,Nurses,K-1576,Aure,2024,28.0
1576 Aure,Nursing professionals,K-1576,Aure,2024,2.0
1578 Fjord,Nurses,K-1578,Fjord,2024,23.0
1578 Fjord,Nursing professionals,K-1578,Fjord,2024,1.0
1579 Hustadvika,Nurses,K-1579,Hustadvika,2024,69.0
1579 Hustadvika,Nursing professionals,K-1579,Hustadvika,2024,20.0
1580 Haram,Nurses,K-1580,Haram,2024,52.0
1580 Haram,Nursing professionals,K-1580,Haram,2024,7.0
5001 Trondheim - Tråante,Nurses,K-5001,Trondheim - Tråante,2024,659.0
5001 Trondheim - Tråante,Nursing professionals,K-5001,Trondheim - Tråante,2024,34.0
5006 Steinkjer - Stïentje,Nurses,K-5006,Steinkjer - Stïentje,2024,154.0
5006 Steinkjer - Stïentje,Nursing professionals,K-5006,Steinkjer - Stïentje,2024,15.0
5007 Namsos - Nåavmesjenjaelmie,Nurses,K-5007,Namsos - Nåavmesjenjaelmie,2024,75.0
5007 Namsos - Nåavmesjenjaelmie,Nursing professionals,K-5007,Namsos - Nåavmesjenjaelmie,2024,30.0
5014 Frøya,Nurses,K-5014,Frøya,2024,13.0
5014 Frøya,Nursing professionals,K-5014,Frøya,2024,4.0
5020 Osen,Nurses,K-5020,Osen,2024,4.0
5020 Osen,Nursing professionals,K-5020,Osen,2024,
5021 Oppdal,Nurses,K-5021,Oppdal,2024,36.0
5021 Oppdal,Nursing professionals,K-5021,Oppdal,2024,6.0
5022 Rennebu,Nurses,K-5022,Rennebu,2024,15.0
5022 Rennebu,Nursing professionals,K-5022,Rennebu,2024,6.0
5025 Røros - Rosse,Nurses,K-5025,Røros - Rosse,2024,20.0
5025 Røros - Rosse,Nursing professionals,K-5025,Røros - Rosse,2024,5.0
5026 Holtålen,Nurses,K-5026,Holtålen,2024,11.0
5026 Holtålen,Nursing professionals,K-5026,Holtålen,2024,3.0
5027 Midtre Gauldal,Nurses,K-5027,Midtre Gauldal,2024,34.0
5027 Midtre Gauldal,Nursing professionals,K-5027,Midtre Gauldal,2024,2.0
5028 Melhus,Nurses,K-5028,Melhus,2024,54.0
5028 Melhus,Nursing professionals,K-5028,Melhus,2024,10.0
5029 Skaun,Nurses,K-5029,Skaun,2024,26.0
5029 Skaun,Nursing professionals,K-5029,Skaun,2024,5.0
5031 Malvik,Nurses,K-5031,Malvik,2024,57.0
5031 Malvik,Nursing professionals,K-5031,Malvik,2024,14.0
5032 Selbu,Nurses,K-5032,Selbu,2024,25.0
5032 Selbu,Nursing professionals,K-5032,Selbu,2024,5.0
5033 Tydal,Nurses,K-5033,Tydal,2024,7.0
5033 Tydal,Nursing professionals,K-5033,Tydal,2024,1.0
5034 Meråker,Nurses,K-5034,Meråker,2024,16.0
5034 Meråker,Nursing professionals,K-5034,Meråker,2024,2.0
5035 Stjørdal,Nurses,K-5035,Stjørdal,2024,107.0
5035 Stjørdal,Nursing professionals,K-5035,Stjørdal,2024,26.0
5036 Frosta,Nurses,K-5036,Frosta,2024,15.0
5036 Frosta,Nursing professionals,K-5036,Frosta,2024,4.0
5037 Levanger,Nurses,K-5037,Levanger,2024,112.0
5037 Levanger,Nursing professionals,K-5037,Levanger,2024,14.0
5038 Verdal,Nurses,K-5038,Verdal,2024,57.0
5038 Verdal,Nursing professionals,K-5038,Verdal,2024,18.0
5041 Snåase - Snåsa,Nurses,K-5041,Snåase - Snåsa,2024,14.0
5041 Snåase - Snåsa,Nursing professionals,K-5041,Snåase - Snåsa,2024,4.0
5042 Lierne,Nurses,K-5042,Lierne,2024,8.0
5042 Lierne,Nursing professionals,K-5042,Lierne,2024,4.0
5043 Raarvihke - Røyrvik,Nurses,K-5043,Raarvihke - Røyrvik,2024,5.0
5043 Raarvihke - Røyrvik,Nursing professionals,K-5043,Raarvihke - Røyrvik,2024,1.0
5044 Namsskogan,Nurses,K-5044,Namsskogan,2024,4.0
5044 Namsskogan,Nursing professionals,K-5044,Namsskogan,2024,3.0
5045 Grong,Nurses,K-5045,Grong,2024,19.0
5045 Grong,Nursing professionals,K-5045,Grong,2024,2.0
5046 Høylandet,Nurses,K-5046,Høylandet,2024,10.0
5046 Høylandet,Nursing professionals,K-5046,Høylandet,2024,1.0
5047 Overhalla,Nurses,K-5047,Overhalla,2024,23.0
5047 Overhalla,Nursing professionals,K-5047,Overhalla,2024,8.0
5049 Flatanger,Nurses,K-5049,Flatanger,2024,7.0
5049 Flatanger,Nursing professionals,K-5049,Flatanger,2024,3.0
5052 Leka,Nurses,K-5052,Leka,2024,6.0
5052 Leka,Nursing professionals,K-5052,Leka,2024,1.0
5054 Indre Fosen,Nurses,K-5054,Indre Fosen,2024,55.0
5054 Indre Fosen,Nursing professionals,K-5054,Indre Fosen,2024,4.0
5055 Heim,Nurses,K-5055,Heim,2024,28.0
5055 Heim,Nursing professionals,K-5055,Heim,2024,5.0
5057 Ørland,Nurses,K-5057,Ørland,2024,64.0
5057 Ørland,Nursing professionals,K-5057,Ørland,2024,5.0
5058 Åfjord,Nurses,K-5058,Åfjord,2024,39.0
5058 Åfjord,Nursing professionals,K-5058,Åfjord,2024,3.0
5061 Rindal,Nurses,K-5061,Rindal,2024,11.0
5061 Rindal,Nursing professionals,K-5061,Rindal,2024,2.0
1818 Herøy (Nordland),Nurses,K-1818,Herøy (Nordland),2024,8.0
1818 Herøy (Nordland),Nursing professionals,K-1818,Herøy (Nordland),2024,2.0
3907 Sandefjord,Nurses,K-3907,Sandefjord,2025,338.0
3907 Sandefjord,Nursing professionals,K-3907,Sandefjord,2025,29.0
1505 Kristiansund,Nurses,K-1505,Kristiansund,2025,95.0
1505 Kristiansund,Nursing professionals,K-1505,Kristiansund,2025,19.0
1506 Molde,Nurses,K-1506,Molde,2025,196.0
1506 Molde,Nursing professionals,K-1506,Molde,2025,24.0
1508 Ålesund,Nurses,K-1508,Ålesund,2025,255.0
1508 Ålesund,Nursing professionals,K-1508,Ålesund,2025,33.0
1511 Vanylven,Nurses,K-1511,Vanylven,2025,19.0
1511 Vanylven,Nursing professionals,K-1511,Vanylven,2025,4.0
1514 Sande,Nurses,K-1514,Sande,2025,11.0
1514 Sande,Nursing professionals,K-1514,Sande,2025,6.0
1515 Herøy (Møre og Romsdal),Nurses,K-1515,Herøy (Møre og Romsdal),2025,58.0
1515 Herøy (Møre og Romsdal),Nursing professionals,K-1515,Herøy (Møre og Romsdal),2025,5.0
1516 Ulstein,Nurses,K-1516,Ulstein,2025,51.0
1516 Ulstein,Nursing professionals,K-1516,Ulstein,2025,5.0
1517 Hareid,Nurses,K-1517,Hareid,2025,27.0
1517 Hareid,Nursing professionals,K-1517,Hareid,2025,4.0
1520 Ørsta,Nurses,K-1520,Ørsta,2025,74.0
1520 Ørsta,Nursing professionals,K-1520,Ørsta,2025,9.0
1525 Stranda,Nurses,K-1525,Stranda,2025,28.0
1525 Stranda,Nursing professionals,K-1525,Stranda,2025,3.0
1528 Sykkylven,Nurses,K-1528,Sykkylven,2025,48.0
1528 Sykkylven,Nursing professionals,K-1528,Sykkylven,2025,9.0
1531 Sula,Nurses,K-1531,Sula,2025,62.0
1531 Sula,Nursing professionals,K-1531,Sula,2025,11.0
1532 Giske,Nurses,K-1532,Giske,2025,45.0
1532 Giske,Nursing professionals,K-1532,Giske,2025,10.0
1535 Vestnes,Nurses,K-1535,Vestnes,2025,39.0
1535 Vestnes,Nursing professionals,K-1535,Vestnes,2025,9.0
1539 Rauma,Nurses,K-1539,Rauma,2025,37.0
1539 Rauma,Nursing professionals,K-1539,Rauma,2025,7.0
1547 Aukra,Nurses,K-1547,Aukra,2025,19.0
1547 Aukra,Nursing professionals,K-1547,Aukra,2025,12.0
1557 Gjemnes,Nurses,K-1557,Gjemnes,2025,21.0
1557 Gjemnes,Nursing professionals,K-1557,Gjemnes,2025,3.0
1560 Tingvoll,Nurses,K-1560,Tingvoll,2025,15.0
1560 Tingvoll,Nursing professionals,K-1560,Tingvoll,2025,4.0
1563 Sunndal,Nurses,K-1563,Sunndal,2025,44.0
1563 Sunndal,Nursing professionals,K-1563,Sunndal,2025,5.0
1566 Surnadal,Nurses,K-1566,Surnadal,2025,34.0
1566 Surnadal,Nursing professionals,K-1566,Surnadal,2025,9.0
1573 Smøla,Nurses,K-1573,Smøla,2025,16.0
1573 Smøla,Nursing professionals,K-1573,Smøla,2025,0.0
1576 Aure,Nurses,K-1576,Aure,2025,34.0
1576 Aure,Nursing professionals,K-1576,Aure,2025,4.0
1578 Fjord,Nurses,K-1578,Fjord,2025,21.0
1578 Fjord,Nursing professionals,K-1578,Fjord,2025,1.0
1579 Hustadvika,Nurses,K-1579,Hustadvika,2025,73.0
1579 Hustadvika,Nursing professionals,K-1579,Hustadvika,2025,21.0
1580 Haram,Nurses,K-1580,Haram,2025,54.0
1580 Haram,Nursing professionals,K-1580,Haram,2025,7.0
5001 Trondheim - Tråante,Nurses,K-5001,Trondheim - Tråante,2025,727.0
5001 Trondheim - Tråante,Nursing professionals,K-5001,Trondheim - Tråante,2025,27.0
5006 Steinkjer - Stïentje,Nurses,K-5006,Steinkjer - Stïentje,2025,154.0
5006 Steinkjer - Stïentje,Nursing professionals,K-5006,Steinkjer - Stïentje,2025,25.0
5007 Namsos - Nåavmesjenjaelmie,Nurses,K-5007,Namsos - Nåavmesjenjaelmie,2025,75.0
5007 Namsos - Nåavmesjenjaelmie,Nursing professionals,K-5007,Namsos - Nåavmesjenjaelmie,2025,34.0
5014 Frøya,Nurses,K-5014,Frøya,2025,13.0
5014 Frøya,Nursing professionals,K-5014,Frøya,2025,4.0
5020 Osen,Nurses,K-5020,Osen,2025,5.0
5020 Osen,Nursing professionals,K-5020,Osen,2025,1.0
5021 Oppdal,Nurses,K-5021,Oppdal,2025,41.0
5021 Oppdal,Nursing professionals,K-5021,Oppdal,2025,7.0
5022 Rennebu,Nurses,K-5022,Rennebu,2025,11.0
5022 Rennebu,Nursing professionals,K-5022,Rennebu,2025,4.0
5025 Røros - Rosse,Nurses,K-5025,Røros - Rosse,2025,20.0
5025 Røros - Rosse,Nursing professionals,K-5025,Røros - Rosse,2025,5.0
5026 Holtålen,Nurses,K-5026,Holtålen,2025,11.0
5026 Holtålen,Nursing professionals,K-5026,Holtålen,2025,2.0
5027 Midtre Gauldal,Nurses,K-5027,Midtre Gauldal,2025,32.0
5027 Midtre Gauldal,Nursing professionals,K-5027,Midtre Gauldal,2025,3.0
5028 Melhus,Nurses,K-5028,Melhus,2025,62.0
5028 Melhus,Nursing professionals,K-5028,Melhus,2025,11.0
5029 Skaun,Nurses,K-5029,Skaun,2025,30.0
5029 Skaun,Nursing professionals,K-5029,Skaun,2025,7.0
5031 Malvik,Nurses,K-5031,Malvik,2025,57.0
5031 Malvik,Nursing professionals,K-5031,Malvik,2025,12.0
5032 Selbu,Nurses,K-5032,Selbu,2025,27.0
5032 Selbu,Nursing professionals,K-5032,Selbu,2025,5.0
5033 Tydal,Nurses,K-5033,Tydal,2025,6.0
5033 Tydal,Nursing professionals,K-5033,Tydal,2025,2.0
5034 Meråker,Nurses,K-5034,Meråker,2025,17.0
5034 Meråker,Nursing professionals,K-5034,Meråker,2025,
5035 Stjørdal,Nurses,K-5035,Stjørdal,2025,108.0
5035 Stjørdal,Nursing professionals,K-5035,Stjørdal,2025,29.0
5036 Frosta,Nurses,K-5036,Frosta,2025,18.0
5036 Frosta,Nursing professionals,K-5036,Frosta,2025,4.0
5037 Levanger,Nurses,K-5037,Levanger,2025,103.0
5037 Levanger,Nursing professionals,K-5037,Levanger,2025,11.0
5038 Verdal,Nurses,K-5038,Verdal,2025,60.0
5038 Verdal,Nursing professionals,K-5038,Verdal,2025,17.0
5041 Snåase - Snåsa,Nurses,K-5041,Snåase - Snåsa,2025,14.0
5041 Snåase - Snåsa,Nursing professionals,K-5041,Snåase - Snåsa,2025,5.0
5042 Lierne,Nurses,K-5042,Lierne,2025,9.0
5042 Lierne,Nursing professionals,K-5042,Lierne,2025,5.0
5043 Raarvihke - Røyrvik,Nurses,K-5043,Raarvihke - Røyrvik,2025,3.0
5043 Raarvihke - Røyrvik,Nursing professionals,K-5043,Raarvihke - Røyrvik,2025,1.0
5044 Namsskogan,Nurses,K-5044,Namsskogan,2025,5.0
5044 Namsskogan,Nursing professionals,K-5044,Namsskogan,2025,4.0
5045 Grong,Nurses,K-5045,Grong,2025,17.0
5045 Grong,Nursing professionals,K-5045,Grong,2025,2.0
5046 Høylandet,Nurses,K-5046,Høylandet,2025,10.0
5046 Høylandet,Nursing professionals,K-5046,Høylandet,2025,1.0
5047 Overhalla,Nurses,K-5047,Overhalla,2025,24.0
5047 Overhalla,Nursing professionals,K-5047,Overhalla,2025,6.0
5049 Flatanger,Nurses,K-5049,Flatanger,2025,8.0
5049 Flatanger,Nursing professionals,K-5049,Flatanger,2025,3.0
5052 Leka,Nurses,K-5052,Leka,2025,6.0
5052 Leka,Nursing professionals,K-5052,Leka,2025,0.0
5054 Indre Fosen,Nurses,K-5054,Indre Fosen,2025,57.0
5054 Indre Fosen,Nursing professionals,K-5054,Indre Fosen,2025,3.0
5055 Heim,Nurses,K-5055,Heim,2025,36.0
5055 Heim,Nursing professionals,K-5055,Heim,2025,7.0
5057 Ørland,Nurses,K-5057,Ørland,2025,60.0
5057 Ørland,Nursing professionals,K-5057,Ørland,2025,6.0
5058 Åfjord,Nurses,K-5058,Åfjord,2025,41.0
5058 Åfjord,Nursing professionals,K-5058,Åfjord,2025,3.0
5061 Rindal,Nurses,K-5061,Rindal,2025,15.0
5061 Rindal,Nursing professionals,K-5061,Rindal,2025,2.0
1818 Herøy (Nordland),Nurses,K-1818,Herøy (Nordland),2025,7.0
1818 Herøy (Nordland),Nursing professionals,K-1818,Herøy (Nordland),2025,1.0
