Variation,Genes,Type,Condition,Classification,Review status,Molecular consequence,Protein change,Germline date last evaluated,Somatic clinical impact date last evaluated,Oncogenicity date last evaluated,GRCh37 Location,GRCh38 Location,Variation ID,VCV accession,rs_ID,Classification_group,Review status_cleaned,Review_status_group,Variant_type_group
NM_000256.3(MYBPC3):c.*26+2T>C,MYBPC3,single nucleotide variant,not provided,G: Uncertain significance,"criteria provided, single submitter",splice donor variant,,2021/04/22,,,11:47353394,11:47331843,1303515,VCV001303515,rs1416420771,Uncertain significance,"criteria provided, single submitter",Single submitter,Single nucleotide variant
NM_000256.3(MYBPC3):c.*26+1G>A,MYBPC3,single nucleotide variant,not provided,G: Uncertain significance,"criteria provided, single submitter",splice donor variant,,2024/02/09,,,11:47353395,11:47331844,3368829,VCV003368829,,Uncertain significance,"criteria provided, single submitter",Single submitter,Single nucleotide variant
NM_000256.3(MYBPC3):c.3814+1G>C,MYBPC3,single nucleotide variant,"Cardiovascular phenotype, Hypertrophic cardiomyopathy",G: Uncertain significance,"criteria provided, multiple submitters, no conflicts",splice donor variant,,2026/04/30,,,11:47353622,11:47332071,1365700,VCV001365700,rs1057521823,Uncertain significance,"criteria provided, multiple submitters, no conflicts","Multiple submitters, not conflicted",Single nucleotide variant
NM_000256.3(MYBPC3):c.3814+1G>A,MYBPC3,single nucleotide variant,"not provided, Cardiomyopathy, Hypertrophic cardiomyopathy",G: Conflicting classifications of pathogenicity,"criteria provided, conflicting classifications",splice donor variant,,2025/09/20,,,11:47353622,11:47332071,384022,VCV000384022,rs1057521823,Conflicting classifications,"criteria provided, conflicting classifications",Conflicting submissions,Single nucleotide variant
NM_000256.3(MYBPC3):c.3627+2T>C,MYBPC3,single nucleotide variant,"Cardiovascular phenotype, Hypertrophic cardiomyopathy",G: Conflicting classifications of pathogenicity,"criteria provided, conflicting classifications",splice donor variant,,2024/07/25,,,11:47354115,11:47332564,566170,VCV000566170,rs1299079662,Conflicting classifications,"criteria provided, conflicting classifications",Conflicting submissions,Single nucleotide variant
NM_000256.3(MYBPC3):c.2737+4_2737+7del,MYBPC3,Deletion,"Cardiovascular phenotype, Hypertrophic cardiomyopathy",G: Conflicting classifications of pathogenicity,"criteria provided, conflicting classifications",splice donor variant,,2025/11/12,,,11:47357421,11:47335870,520349,VCV000520349,rs1555120911,Conflicting classifications,"criteria provided, conflicting classifications",Conflicting submissions,Deletion
NM_000256.3(MYBPC3):c.2309-1G>A,MYBPC3,single nucleotide variant,"Hypertrophic cardiomyopathy 4, Cardiovascular phenotype",G: Conflicting classifications of pathogenicity,"criteria provided, conflicting classifications",splice acceptor variant,,2026/05/12,,,11:47359346,11:47337795,3377189,VCV003377189,,Conflicting classifications,"criteria provided, conflicting classifications",Conflicting submissions,Single nucleotide variant
NM_000256.3(MYBPC3):c.2148+6_2148+9del,MYBPC3,Microsatellite,"Cardiovascular phenotype, not specified, not provided, Cardiomyopathy, Hypertrophic cardiomyopathy",G: Conflicting classifications of pathogenicity,"criteria provided, conflicting classifications",splice donor variant,,2025/04/09,,,11:47360866,11:47339315,42598,VCV000042598,rs397515949,Conflicting classifications,"criteria provided, conflicting classifications",Conflicting submissions,Microsatellite
NM_000256.3(MYBPC3):c.1927+1G>A,MYBPC3,single nucleotide variant,"Cardiovascular phenotype, not provided",G: Conflicting classifications of pathogenicity,"criteria provided, conflicting classifications",splice donor variant,,2026/04/16,,,11:47362553,11:47341002,1163047,VCV001163047,rs2142859053,Conflicting classifications,"criteria provided, conflicting classifications",Conflicting submissions,Single nucleotide variant
NM_000256.3(MYBPC3):c.1352-2AG[4],MYBPC3,Microsatellite,Hypertrophic cardiomyopathy,G: Uncertain significance,"criteria provided, single submitter",splice acceptor variant,,2022/11/01,,,11:47364484,11:47342933,2099155,VCV002099155,rs2495763704,Uncertain significance,"criteria provided, single submitter",Single submitter,Microsatellite
NM_000256.3(MYBPC3):c.1227-1_1228dup,MYBPC3,Duplication,"not provided, Hypertrophic cardiomyopathy",G: Uncertain significance,"criteria provided, multiple submitters, no conflicts",splice acceptor variant,,2025/02/20,,,11:47364694,11:47343143,2580394,VCV002580394,rs746979805,Uncertain significance,"criteria provided, multiple submitters, no conflicts","Multiple submitters, not conflicted",Duplication
NM_000256.3(MYBPC3):c.1226+3_1226+6del,MYBPC3,Microsatellite,Hypertrophic cardiomyopathy,G: Uncertain significance,"criteria provided, multiple submitters, no conflicts",splice donor variant,,2024/05/17,,,11:47364805,11:47343254,664318,VCV000664318,rs1595846648,Uncertain significance,"criteria provided, multiple submitters, no conflicts","Multiple submitters, not conflicted",Microsatellite
NM_000256.3(MYBPC3):c.1224-1G>A,MYBPC3,single nucleotide variant,"Cardiovascular phenotype, not provided",G: Uncertain significance,"criteria provided, multiple submitters, no conflicts",splice acceptor variant,,2024/09/09,,,11:47364814,11:47343263,1753750,VCV001753750,rs767405420,Uncertain significance,"criteria provided, multiple submitters, no conflicts","Multiple submitters, not conflicted",Single nucleotide variant
NM_000256.3(MYBPC3):c.1068_1090+1del,MYBPC3,Deletion,Hypertrophic cardiomyopathy,G: Uncertain significance,"criteria provided, single submitter",splice donor variant,,2020/07/03,,,11:47367757,11:47346206,4074850,VCV004074850,,Uncertain significance,"criteria provided, single submitter",Single submitter,Deletion
NM_000256.3(MYBPC3):c.926+1_926+5del,MYBPC3,Deletion,not specified,G: Uncertain significance,"criteria provided, single submitter",splice donor variant,,2019/08/13,,,11:47368173,11:47346622,504898,VCV000504898,rs1555122811,Uncertain significance,"criteria provided, single submitter",Single submitter,Deletion
NM_000256.3(MYBPC3):c.926+1G>A,MYBPC3,single nucleotide variant,"not specified, not provided, Cardiomyopathy, Hypertrophic cardiomyopathy",G: Conflicting classifications of pathogenicity,"criteria provided, conflicting classifications",splice donor variant,,2025/06/22,,,11:47368177,11:47346626,517283,VCV000517283,rs767239679,Conflicting classifications,"criteria provided, conflicting classifications",Conflicting submissions,Single nucleotide variant
NM_000256.3(MYBPC3):c.905+1G>A,MYBPC3,single nucleotide variant,"Hypertrophic cardiomyopathy, Cardiomyopathy",G: Conflicting classifications of pathogenicity,"criteria provided, conflicting classifications",splice donor variant,,2025/04/22,,,11:47368976,11:47347425,2185834,VCV002185834,rs767698543,Conflicting classifications,"criteria provided, conflicting classifications",Conflicting submissions,Single nucleotide variant
NM_000256.3(MYBPC3):c.905+1G>T,MYBPC3,single nucleotide variant,"Hypertrophic cardiomyopathy 4, Cardiomyopathy, Cardiovascular phenotype, not provided, Hypertrophic cardiomyopathy",G: Conflicting classifications of pathogenicity,"criteria provided, conflicting classifications",splice donor variant,,2025/10/07,,,11:47368976,11:47347425,573066,VCV000573066,rs767698543,Conflicting classifications,"criteria provided, conflicting classifications",Conflicting submissions,Single nucleotide variant
NM_000256.3(MYBPC3):c.852-1G>T,MYBPC3,single nucleotide variant,"Cardiovascular phenotype, not specified, Cardiomyopathy, Hypertrophic cardiomyopathy",G: Conflicting classifications of pathogenicity,"criteria provided, conflicting classifications",splice acceptor variant,,2026/02/24,,,11:47369031,11:47347480,162500,VCV000162500,rs368121566,Conflicting classifications,"criteria provided, conflicting classifications",Conflicting submissions,Single nucleotide variant
NM_000256.3(MYBPC3):c.851+3_851+8del,MYBPC3,Deletion,Hypertrophic cardiomyopathy,G: Uncertain significance,"criteria provided, multiple submitters, no conflicts",splice donor variant,,2024/12/06,,,11:47369194,11:47347643,1389467,VCV001389467,rs2142865359,Uncertain significance,"criteria provided, multiple submitters, no conflicts","Multiple submitters, not conflicted",Deletion
NM_000256.3(MYBPC3):c.840_851+5del,MYBPC3,Deletion,"Cardiomyopathy, Hypertrophic cardiomyopathy",G: Conflicting classifications of pathogenicity,"criteria provided, conflicting classifications",splice donor variant,,2024/08/29,,,11:47369197,11:47347646,3387141,VCV003387141,,Conflicting classifications,"criteria provided, conflicting classifications",Conflicting submissions,Deletion
NM_000256.3(MYBPC3):c.851+2T>C,MYBPC3,single nucleotide variant,"Cardiomyopathy, Cardiovascular phenotype, Hypertrophic cardiomyopathy, not provided, Hypertrophic cardiomyopathy 4",G: Conflicting classifications of pathogenicity,"criteria provided, conflicting classifications",splice donor variant,,2024/10/05,,,11:47369200,11:47347649,926373,VCV000926373,rs1194615408,Conflicting classifications,"criteria provided, conflicting classifications",Conflicting submissions,Single nucleotide variant
NM_000256.3(MYBPC3):c.822-2A>G,MYBPC3,single nucleotide variant,Cardiomyopathy,G: Uncertain significance,"criteria provided, single submitter",splice acceptor variant,,2025/06/09,,,11:47369233,11:47347682,4756877,VCV004756877,,Uncertain significance,"criteria provided, single submitter",Single submitter,Single nucleotide variant
NM_000256.3(MYBPC3):c.822-2A>T,MYBPC3,single nucleotide variant,Cardiomyopathy,G: Uncertain significance,"criteria provided, single submitter",splice acceptor variant,,2020/12/11,,,11:47369233,11:47347682,1172472,VCV001172472,rs1245855037,Uncertain significance,"criteria provided, single submitter",Single submitter,Single nucleotide variant
NM_000256.3(MYBPC3):c.654+2_654+4dup,MYBPC3,Duplication,Cardiomyopathy,G: Uncertain significance,"criteria provided, single submitter",splice donor variant,,2013/07/29,,,11:47371320,11:47349769,181110,VCV000181110,rs730880682,Uncertain significance,"criteria provided, single submitter",Single submitter,Duplication
NM_000256.3(MYBPC3):c.654+2T>C,MYBPC3,single nucleotide variant,Hypertrophic cardiomyopathy,G: Conflicting classifications of pathogenicity,"criteria provided, conflicting classifications",splice donor variant,,2023/11/30,,,11:47371323,11:47349772,1068267,VCV001068267,rs2142867623,Conflicting classifications,"criteria provided, conflicting classifications",Conflicting submissions,Single nucleotide variant
NM_000256.3(MYBPC3):c.654+1G>A,MYBPC3,single nucleotide variant,"Hypertrophic cardiomyopathy 4, Hypertrophic cardiomyopathy, Cardiovascular phenotype",G: Conflicting classifications of pathogenicity,"criteria provided, conflicting classifications",splice donor variant,,2025/01/19,,,11:47371324,11:47349773,440947,VCV000440947,rs730880621,Conflicting classifications,"criteria provided, conflicting classifications",Conflicting submissions,Single nucleotide variant
NM_000256.3(MYBPC3):c.505+4_505+7dup,MYBPC3,Duplication,Hypertrophic cardiomyopathy,G: Uncertain significance,"criteria provided, single submitter",splice donor variant,,2022/03/20,,,11:47371557,11:47350006,2098063,VCV002098063,rs2495781505,Uncertain significance,"criteria provided, single submitter",Single submitter,Duplication
NM_000256.3(MYBPC3):c.505+1_505+4delinsCT,MYBPC3,Indel,"Cardiomyopathy, Cardiovascular phenotype",G: Conflicting classifications of pathogenicity,"criteria provided, conflicting classifications",splice donor variant,,2026/01/26,,,11:47371561,11:47350010,3400422,VCV003400422,,Conflicting classifications,"criteria provided, conflicting classifications",Conflicting submissions,Indel
NM_000256.3(MYBPC3):c.505+1G>A,MYBPC3,single nucleotide variant,"Cardiovascular phenotype, not provided, Hypertrophic cardiomyopathy",G: Conflicting classifications of pathogenicity,"criteria provided, conflicting classifications",splice donor variant,,2025/03/05,,,11:47371564,11:47350013,181041,VCV000181041,rs730880620,Conflicting classifications,"criteria provided, conflicting classifications",Conflicting submissions,Single nucleotide variant
NM_000256.3(MYBPC3):c.293-1G>C,MYBPC3,single nucleotide variant,"Hypertrophic cardiomyopathy, Cardiovascular phenotype",G: Conflicting classifications of pathogenicity,"criteria provided, conflicting classifications",splice acceptor variant,,2024/10/29,,,11:47372167,11:47350616,2866875,VCV002866875,rs2495783972,Conflicting classifications,"criteria provided, conflicting classifications",Conflicting submissions,Single nucleotide variant
NM_000256.3(MYBPC3):c.292+1G>A,MYBPC3,single nucleotide variant,"Cardiomyopathy, Hypertrophic cardiomyopathy 4, Hypertrophic cardiomyopathy",G: Conflicting classifications of pathogenicity,"criteria provided, conflicting classifications",splice donor variant,,2025/12/09,,,11:47372789,11:47351238,1489518,VCV001489518,rs1433492944,Conflicting classifications,"criteria provided, conflicting classifications",Conflicting submissions,Single nucleotide variant
NM_000256.3(MYBPC3):c.26-2A>G,MYBPC3,single nucleotide variant,Hypertrophic cardiomyopathy,G: Uncertain significance,reviewed by expert panel,splice acceptor variant,,2025/11/13,,,11:47373058,11:47351507,42644,VCV000042644,rs376395543,Uncertain significance,reviewed by expert panel,Expert panel,Single nucleotide variant
